START 2026-08-05T20:21:29-04:00  host=blackmage  load=4.35 4.68 4.39
Info: *******************************************************************
Info: Running Quartus Prime Shell
    Info: Version 23.1std.1 Build 993 05/14/2024 SC Lite Edition
    Info: Copyright (C) 2024  Intel Corporation. All rights reserved.
    Info: Your use of Intel Corporation's design tools, logic functions 
    Info: and other software and tools, and any partner logic 
    Info: functions, and any output files from any of the foregoing 
    Info: (including device programming or simulation files), and any 
    Info: associated documentation or information are expressly subject 
    Info: to the terms and conditions of the Intel Program License 
    Info: Subscription Agreement, the Intel Quartus Prime License Agreement,
    Info: the Intel FPGA IP License Agreement, or other applicable license
    Info: agreement, including, without limitation, that your use is for
    Info: the sole purpose of programming logic devices manufactured by
    Info: Intel and sold by Intel or its authorized distributors.  Please
    Info: refer to the applicable agreement for further details, at
    Info: https://fpgasoftware.intel.com/eula.
    Info: Processing started: Wed Aug  5 20:21:29 2026
Info: Command: quartus_sh --flow compile NES
Info: Quartus(args): compile NES
Info: Project Name = /home/struktured/projects/NES_MiSTer-winner/NES
Info: Revision Name = NES
Info: *******************************************************************
Info: Running Quartus Prime Shell
    Info: Version 23.1std.1 Build 993 05/14/2024 SC Lite Edition
    Info: Processing started: Wed Aug  5 20:21:29 2026
Info: Command: quartus_sh -t sys/build_id.tcl compile NES NES
Info: Quartus(args): compile NES NES
Info (23030): Evaluation of Tcl script sys/build_id.tcl was successful
Info: Quartus Prime Shell was successful. 0 errors, 0 warnings
    Info: Peak virtual memory: 458 megabytes
    Info: Processing ended: Wed Aug  5 20:21:29 2026
    Info: Elapsed time: 00:00:00
    Info: Total CPU time (on all processors): 00:00:00
Info: *******************************************************************
Info: Running Quartus Prime Analysis & Synthesis
    Info: Version 23.1std.1 Build 993 05/14/2024 SC Lite Edition
    Info: Processing started: Wed Aug  5 20:21:30 2026
Info: Command: quartus_map --read_settings_files=on --write_settings_files=off NES -c NES
Info (16303): High Performance Effort optimization mode selected -- timing performance will be prioritized at the potential cost of increased compilation time
    Info (16304): Mode behavior is affected by advanced setting Physical Synthesis Effort Level (default for this mode is Normal)
Info (20032): Parallel compilation is enabled and will use up to 4 processors
Info (12021): Found 1 design units, including 1 entities, in source file rtl/pll.v
    Info (12023): Found entity 1: pll File: /home/struktured/projects/NES_MiSTer-winner/rtl/pll.v Line: 8
Info (12021): Found 1 design units, including 1 entities, in source file rtl/pll/pll_0002.v
    Info (12023): Found entity 1: pll_0002 File: /home/struktured/projects/NES_MiSTer-winner/rtl/pll/pll_0002.v Line: 2
Info (12021): Found 1 design units, including 1 entities, in source file sys/pll_hdmi.v
    Info (12023): Found entity 1: pll_hdmi File: /home/struktured/projects/NES_MiSTer-winner/sys/pll_hdmi.v Line: 8
Info (12021): Found 1 design units, including 1 entities, in source file sys/pll_hdmi/pll_hdmi_0002.v
    Info (12023): Found entity 1: pll_hdmi_0002 File: /home/struktured/projects/NES_MiSTer-winner/sys/pll_hdmi/pll_hdmi_0002.v Line: 2
Info (12021): Found 1 design units, including 1 entities, in source file sys/pll_audio.v
    Info (12023): Found entity 1: pll_audio File: /home/struktured/projects/NES_MiSTer-winner/sys/pll_audio.v Line: 8
Info (12021): Found 1 design units, including 1 entities, in source file sys/pll_audio/pll_audio_0002.v
    Info (12023): Found entity 1: pll_audio_0002 File: /home/struktured/projects/NES_MiSTer-winner/sys/pll_audio/pll_audio_0002.v Line: 2
Info (12021): Found 1 design units, including 1 entities, in source file sys/pll_cfg/pll_cfg.v
    Info (12023): Found entity 1: pll_cfg File: /home/struktured/projects/NES_MiSTer-winner/sys/pll_cfg/pll_cfg.v Line: 8
Info (12021): Found 1 design units, including 1 entities, in source file sys/pll_cfg/pll_cfg_hdmi.v
    Info (12023): Found entity 1: pll_cfg_hdmi File: /home/struktured/projects/NES_MiSTer-winner/sys/pll_cfg/pll_cfg_hdmi.v Line: 16
Info (12021): Found 1 design units, including 1 entities, in source file sys/pll_cfg/altera_pll_reconfig_top.v
    Info (12023): Found entity 1: altera_pll_reconfig_top File: /home/struktured/projects/NES_MiSTer-winner/sys/pll_cfg/altera_pll_reconfig_top.v Line: 16
Info (12021): Found 3 design units, including 3 entities, in source file sys/sys_top.v
    Info (12023): Found entity 1: sys_top File: /home/struktured/projects/NES_MiSTer-winner/sys/sys_top.v Line: 22
    Info (12023): Found entity 2: sync_fix File: /home/struktured/projects/NES_MiSTer-winner/sys/sys_top.v Line: 1882
    Info (12023): Found entity 3: csync File: /home/struktured/projects/NES_MiSTer-winner/sys/sys_top.v Line: 1914
Info (12021): Found 2 design units, including 1 entities, in source file sys/ascal.vhd
    Info (12022): Found design unit 1: ascal-rtl File: /home/struktured/projects/NES_MiSTer-winner/sys/ascal.vhd Line: 269
    Info (12023): Found entity 1: ascal File: /home/struktured/projects/NES_MiSTer-winner/sys/ascal.vhd Line: 114
Info (12021): Found 2 design units, including 1 entities, in source file sys/pll_hdmi_adj.vhd
    Info (12022): Found design unit 1: pll_hdmi_adj-rtl File: /home/struktured/projects/NES_MiSTer-winner/sys/pll_hdmi_adj.vhd Line: 53
    Info (12023): Found entity 1: pll_hdmi_adj File: /home/struktured/projects/NES_MiSTer-winner/sys/pll_hdmi_adj.vhd Line: 21
Info (12021): Found 3 design units, including 3 entities, in source file sys/math.sv
    Info (12023): Found entity 1: sys_udiv File: /home/struktured/projects/NES_MiSTer-winner/sys/math.sv Line: 3
    Info (12023): Found entity 2: sys_umul File: /home/struktured/projects/NES_MiSTer-winner/sys/math.sv Line: 46
    Info (12023): Found entity 3: sys_umuldiv File: /home/struktured/projects/NES_MiSTer-winner/sys/math.sv Line: 85
Info (12021): Found 5 design units, including 5 entities, in source file sys/hq2x.sv
    Info (12023): Found entity 1: Hq2x File: /home/struktured/projects/NES_MiSTer-winner/sys/hq2x.sv Line: 13
    Info (12023): Found entity 2: hq2x_in File: /home/struktured/projects/NES_MiSTer-winner/sys/hq2x.sv Line: 226
    Info (12023): Found entity 3: hq2x_buf File: /home/struktured/projects/NES_MiSTer-winner/sys/hq2x.sv Line: 250
    Info (12023): Found entity 4: DiffCheck File: /home/struktured/projects/NES_MiSTer-winner/sys/hq2x.sv Line: 271
    Info (12023): Found entity 5: Blend File: /home/struktured/projects/NES_MiSTer-winner/sys/hq2x.sv Line: 298
Info (12021): Found 1 design units, including 1 entities, in source file sys/scandoubler.v
    Info (12023): Found entity 1: scandoubler File: /home/struktured/projects/NES_MiSTer-winner/sys/scandoubler.v Line: 22
Info (12021): Found 1 design units, including 1 entities, in source file sys/scanlines.v
    Info (12023): Found entity 1: scanlines File: /home/struktured/projects/NES_MiSTer-winner/sys/scanlines.v Line: 1
Info (12021): Found 1 design units, including 1 entities, in source file sys/shadowmask.sv
    Info (12023): Found entity 1: shadowmask File: /home/struktured/projects/NES_MiSTer-winner/sys/shadowmask.sv Line: 1
Info (12021): Found 2 design units, including 2 entities, in source file sys/video_cleaner.sv
    Info (12023): Found entity 1: video_cleaner File: /home/struktured/projects/NES_MiSTer-winner/sys/video_cleaner.sv Line: 12
    Info (12023): Found entity 2: s_fix File: /home/struktured/projects/NES_MiSTer-winner/sys/video_cleaner.sv Line: 81
Info (12021): Found 2 design units, including 2 entities, in source file sys/gamma_corr.sv
    Info (12023): Found entity 1: gamma_corr File: /home/struktured/projects/NES_MiSTer-winner/sys/gamma_corr.sv Line: 1
    Info (12023): Found entity 2: gamma_fast File: /home/struktured/projects/NES_MiSTer-winner/sys/gamma_corr.sv Line: 62
Info (12021): Found 1 design units, including 1 entities, in source file sys/video_mixer.sv
    Info (12023): Found entity 1: video_mixer File: /home/struktured/projects/NES_MiSTer-winner/sys/video_mixer.sv Line: 19
Info (12021): Found 2 design units, including 2 entities, in source file sys/video_freak.sv
    Info (12023): Found entity 1: video_freak File: /home/struktured/projects/NES_MiSTer-winner/sys/video_freak.sv Line: 16
    Info (12023): Found entity 2: video_scale_int File: /home/struktured/projects/NES_MiSTer-winner/sys/video_freak.sv Line: 141
Info (12021): Found 2 design units, including 2 entities, in source file sys/video_freezer.sv
    Info (12023): Found entity 1: video_freezer File: /home/struktured/projects/NES_MiSTer-winner/sys/video_freezer.sv Line: 21
    Info (12023): Found entity 2: sync_lock File: /home/struktured/projects/NES_MiSTer-winner/sys/video_freezer.sv Line: 80
Info (12021): Found 2 design units, including 2 entities, in source file sys/arcade_video.v
    Info (12023): Found entity 1: arcade_video File: /home/struktured/projects/NES_MiSTer-winner/sys/arcade_video.v Line: 29
    Info (12023): Found entity 2: screen_rotate File: /home/struktured/projects/NES_MiSTer-winner/sys/arcade_video.v Line: 168
Info (12021): Found 1 design units, including 1 entities, in source file sys/osd.v
    Info (12023): Found entity 1: osd File: /home/struktured/projects/NES_MiSTer-winner/sys/osd.v Line: 4
Info (12021): Found 1 design units, including 1 entities, in source file sys/vga_out.sv
    Info (12023): Found entity 1: vga_out File: /home/struktured/projects/NES_MiSTer-winner/sys/vga_out.sv Line: 2
Info (12021): Found 1 design units, including 1 entities, in source file sys/yc_out.sv
    Info (12023): Found entity 1: yc_out File: /home/struktured/projects/NES_MiSTer-winner/sys/yc_out.sv Line: 28
Info (12021): Found 1 design units, including 1 entities, in source file sys/i2c.v
    Info (12023): Found entity 1: i2c File: /home/struktured/projects/NES_MiSTer-winner/sys/i2c.v Line: 2
Info (12021): Found 1 design units, including 1 entities, in source file sys/alsa.sv
    Info (12023): Found entity 1: alsa File: /home/struktured/projects/NES_MiSTer-winner/sys/alsa.sv Line: 22
Info (12021): Found 1 design units, including 1 entities, in source file sys/i2s.v
    Info (12023): Found entity 1: i2s File: /home/struktured/projects/NES_MiSTer-winner/sys/i2s.v Line: 2
Info (12021): Found 1 design units, including 1 entities, in source file sys/spdif.v
    Info (12023): Found entity 1: spdif File: /home/struktured/projects/NES_MiSTer-winner/sys/spdif.v Line: 33
Info (12021): Found 2 design units, including 2 entities, in source file sys/audio_out.sv
    Info (12023): Found entity 1: audio_out File: /home/struktured/projects/NES_MiSTer-winner/sys/audio_out.sv Line: 22
    Info (12023): Found entity 2: aud_mix_top File: /home/struktured/projects/NES_MiSTer-winner/sys/audio_out.sv Line: 281
Info (12021): Found 3 design units, including 3 entities, in source file sys/iir_filter.v
    Info (12023): Found entity 1: IIR_filter File: /home/struktured/projects/NES_MiSTer-winner/sys/iir_filter.v Line: 22
    Info (12023): Found entity 2: iir_filter_tap File: /home/struktured/projects/NES_MiSTer-winner/sys/iir_filter.v Line: 148
    Info (12023): Found entity 3: DC_blocker File: /home/struktured/projects/NES_MiSTer-winner/sys/iir_filter.v Line: 189
Info (12021): Found 2 design units, including 2 entities, in source file sys/ltc2308.sv
    Info (12023): Found entity 1: ltc2308 File: /home/struktured/projects/NES_MiSTer-winner/sys/ltc2308.sv Line: 28
    Info (12023): Found entity 2: ltc2308_tape File: /home/struktured/projects/NES_MiSTer-winner/sys/ltc2308.sv Line: 105
Info (12021): Found 1 design units, including 1 entities, in source file sys/sigma_delta_dac.v
    Info (12023): Found entity 1: sigma_delta_dac File: /home/struktured/projects/NES_MiSTer-winner/sys/sigma_delta_dac.v Line: 6
Info (12021): Found 1 design units, including 1 entities, in source file sys/mt32pi.sv
    Info (12023): Found entity 1: mt32pi File: /home/struktured/projects/NES_MiSTer-winner/sys/mt32pi.sv Line: 8
Info (12021): Found 1 design units, including 1 entities, in source file sys/mcp23009.sv
    Info (12023): Found entity 1: mcp23009 File: /home/struktured/projects/NES_MiSTer-winner/sys/mcp23009.sv Line: 5
Info (12021): Found 1 design units, including 1 entities, in source file sys/f2sdram_safe_terminator.sv
    Info (12023): Found entity 1: f2sdram_safe_terminator File: /home/struktured/projects/NES_MiSTer-winner/sys/f2sdram_safe_terminator.sv Line: 55
Info (12021): Found 1 design units, including 1 entities, in source file sys/ddr_svc.sv
    Info (12023): Found entity 1: ddr_svc File: /home/struktured/projects/NES_MiSTer-winner/sys/ddr_svc.sv Line: 23
Info (12021): Found 2 design units, including 2 entities, in source file sys/sysmem.sv
    Info (12023): Found entity 1: sysmem_lite File: /home/struktured/projects/NES_MiSTer-winner/sys/sysmem.sv Line: 2
    Info (12023): Found entity 2: sysmem_HPS_fpga_interfaces File: /home/struktured/projects/NES_MiSTer-winner/sys/sysmem.sv Line: 241
Info (12021): Found 1 design units, including 1 entities, in source file sys/sd_card.sv
    Info (12023): Found entity 1: sd_card File: /home/struktured/projects/NES_MiSTer-winner/sys/sd_card.sv Line: 28
Info (12021): Found 4 design units, including 4 entities, in source file sys/hps_io.sv
    Info (12023): Found entity 1: hps_io File: /home/struktured/projects/NES_MiSTer-winner/sys/hps_io.sv Line: 35
    Info (12023): Found entity 2: ps2_device File: /home/struktured/projects/NES_MiSTer-winner/sys/hps_io.sv Line: 711
    Info (12023): Found entity 3: video_calc File: /home/struktured/projects/NES_MiSTer-winner/sys/hps_io.sv Line: 854
    Info (12023): Found entity 4: confstr_rom File: /home/struktured/projects/NES_MiSTer-winner/sys/hps_io.sv Line: 1022
Info (12021): Found 1 design units, including 1 entities, in source file rtl/mappers/CoproDrMario.sv
    Info (12023): Found entity 1: CoproDrMario File: /home/struktured/projects/NES_MiSTer-winner/rtl/mappers/CoproDrMario.sv Line: 22
Info (12021): Found 1 design units, including 1 entities, in source file rtl/mappers/LeafEval.sv
    Info (12023): Found entity 1: LeafEval File: /home/struktured/projects/NES_MiSTer-winner/rtl/mappers/LeafEval.sv Line: 40
Info (12021): Found 1 design units, including 1 entities, in source file rtl/mappers/copro6502.v
    Info (12023): Found entity 1: copro6502 File: /home/struktured/projects/NES_MiSTer-winner/rtl/mappers/copro6502.v Line: 21
Info (12021): Found 1 design units, including 1 entities, in source file rtl/mappers/copro_alu.v
    Info (12023): Found entity 1: copro_alu File: /home/struktured/projects/NES_MiSTer-winner/rtl/mappers/copro_alu.v Line: 20
Info (12021): Found 2 design units, including 0 entities, in source file rtl/t65/T65_Pack.vhd
    Info (12022): Found design unit 1: T65_Pack File: /home/struktured/projects/NES_MiSTer-winner/rtl/t65/T65_Pack.vhd Line: 55
    Info (12022): Found design unit 2: T65_Pack-body File: /home/struktured/projects/NES_MiSTer-winner/rtl/t65/T65_Pack.vhd Line: 154
Info (12021): Found 2 design units, including 1 entities, in source file rtl/t65/T65_ALU.vhd
    Info (12022): Found design unit 1: T65_ALU-rtl File: /home/struktured/projects/NES_MiSTer-winner/rtl/t65/T65_ALU.vhd Line: 70
    Info (12023): Found entity 1: T65_ALU File: /home/struktured/projects/NES_MiSTer-winner/rtl/t65/T65_ALU.vhd Line: 57
Info (12021): Found 2 design units, including 1 entities, in source file rtl/t65/T65_MCode.vhd
    Info (12022): Found design unit 1: T65_MCode-rtl File: /home/struktured/projects/NES_MiSTer-winner/rtl/t65/T65_MCode.vhd Line: 95
    Info (12023): Found entity 1: T65_MCode File: /home/struktured/projects/NES_MiSTer-winner/rtl/t65/T65_MCode.vhd Line: 58
Info (12021): Found 2 design units, including 1 entities, in source file rtl/t65/T65.vhd
    Info (12022): Found design unit 1: T65-rtl File: /home/struktured/projects/NES_MiSTer-winner/rtl/t65/T65.vhd Line: 177
    Info (12023): Found entity 1: T65 File: /home/struktured/projects/NES_MiSTer-winner/rtl/t65/T65.vhd Line: 136
Info (12021): Found 11 design units, including 11 entities, in source file rtl/mappers/VRC.sv
    Info (12023): Found entity 1: VRC1 File: /home/struktured/projects/NES_MiSTer-winner/rtl/mappers/VRC.sv Line: 4
    Info (12023): Found entity 2: VRC3 File: /home/struktured/projects/NES_MiSTer-winner/rtl/mappers/VRC.sv Line: 131
    Info (12023): Found entity 3: VRC24 File: /home/struktured/projects/NES_MiSTer-winner/rtl/mappers/VRC.sv Line: 263
    Info (12023): Found entity 4: VRC6 File: /home/struktured/projects/NES_MiSTer-winner/rtl/mappers/VRC.sv Line: 474
    Info (12023): Found entity 5: VRC7 File: /home/struktured/projects/NES_MiSTer-winner/rtl/mappers/VRC.sv Line: 577
    Info (12023): Found entity 6: MAPVRC6 File: /home/struktured/projects/NES_MiSTer-winner/rtl/mappers/VRC.sv Line: 702
    Info (12023): Found entity 7: vrcIRQ File: /home/struktured/projects/NES_MiSTer-winner/rtl/mappers/VRC.sv Line: 892
    Info (12023): Found entity 8: vrc7_mixed File: /home/struktured/projects/NES_MiSTer-winner/rtl/mappers/VRC.sv Line: 1019
    Info (12023): Found entity 9: vrc6_mixed File: /home/struktured/projects/NES_MiSTer-winner/rtl/mappers/VRC.sv Line: 1072
    Info (12023): Found entity 10: vrc6sound File: /home/struktured/projects/NES_MiSTer-winner/rtl/mappers/VRC.sv Line: 1131
    Info (12023): Found entity 11: VRC5 File: /home/struktured/projects/NES_MiSTer-winner/rtl/mappers/VRC.sv Line: 1290
Info (12021): Found 5 design units, including 5 entities, in source file rtl/mappers/Sunsoft.sv
    Info (12023): Found entity 1: Mapper69 File: /home/struktured/projects/NES_MiSTer-winner/rtl/mappers/Sunsoft.sv Line: 2
    Info (12023): Found entity 2: SS5b_mixed File: /home/struktured/projects/NES_MiSTer-winner/rtl/mappers/Sunsoft.sv Line: 199
    Info (12023): Found entity 3: SS5b_audio File: /home/struktured/projects/NES_MiSTer-winner/rtl/mappers/Sunsoft.sv Line: 248
    Info (12023): Found entity 4: Mapper67 File: /home/struktured/projects/NES_MiSTer-winner/rtl/mappers/Sunsoft.sv Line: 487
    Info (12023): Found entity 5: Mapper68 File: /home/struktured/projects/NES_MiSTer-winner/rtl/mappers/Sunsoft.sv Line: 668
Info (12021): Found 3 design units, including 3 entities, in source file rtl/mappers/Sachen.sv
    Info (12023): Found entity 1: Sachen8259 File: /home/struktured/projects/NES_MiSTer-winner/rtl/mappers/Sachen.sv Line: 5
    Info (12023): Found entity 2: SachenJV001 File: /home/struktured/projects/NES_MiSTer-winner/rtl/mappers/Sachen.sv Line: 182
    Info (12023): Found entity 3: SachenNROM File: /home/struktured/projects/NES_MiSTer-winner/rtl/mappers/Sachen.sv Line: 331
Info (12021): Found 4 design units, including 4 entities, in source file rtl/mappers/Namco.sv
    Info (12023): Found entity 1: N163 File: /home/struktured/projects/NES_MiSTer-winner/rtl/mappers/Namco.sv Line: 3
    Info (12023): Found entity 2: MAPN163 File: /home/struktured/projects/NES_MiSTer-winner/rtl/mappers/Namco.sv Line: 125
    Info (12023): Found entity 3: namco163_mixed File: /home/struktured/projects/NES_MiSTer-winner/rtl/mappers/Namco.sv Line: 381
    Info (12023): Found entity 4: namco163_sound File: /home/struktured/projects/NES_MiSTer-winner/rtl/mappers/Namco.sv Line: 464
Info (12021): Found 2 design units, including 2 entities, in source file rtl/mappers/MMC5.sv
    Info (12023): Found entity 1: MMC5 File: /home/struktured/projects/NES_MiSTer-winner/rtl/mappers/MMC5.sv Line: 3
    Info (12023): Found entity 2: mmc5_mixed File: /home/struktured/projects/NES_MiSTer-winner/rtl/mappers/MMC5.sv Line: 696
Info (12021): Found 4 design units, including 4 entities, in source file rtl/mappers/MMC3.sv
    Info (12023): Found entity 1: Rambo1 File: /home/struktured/projects/NES_MiSTer-winner/rtl/mappers/MMC3.sv Line: 4
    Info (12023): Found entity 2: MMC3 File: /home/struktured/projects/NES_MiSTer-winner/rtl/mappers/MMC3.sv Line: 303
    Info (12023): Found entity 3: Mapper165 File: /home/struktured/projects/NES_MiSTer-winner/rtl/mappers/MMC3.sv Line: 910
    Info (12023): Found entity 4: Mapper413 File: /home/struktured/projects/NES_MiSTer-winner/rtl/mappers/MMC3.sv Line: 1091
Info (12021): Found 2 design units, including 2 entities, in source file rtl/mappers/MMC2.sv
    Info (12023): Found entity 1: MMC2 File: /home/struktured/projects/NES_MiSTer-winner/rtl/mappers/MMC2.sv Line: 4
    Info (12023): Found entity 2: MMC4 File: /home/struktured/projects/NES_MiSTer-winner/rtl/mappers/MMC2.sv Line: 201
Info (12021): Found 2 design units, including 2 entities, in source file rtl/mappers/MMC1.sv
    Info (12023): Found entity 1: MMC1 File: /home/struktured/projects/NES_MiSTer-winner/rtl/mappers/MMC1.sv Line: 4
    Info (12023): Found entity 2: NesEvent File: /home/struktured/projects/NES_MiSTer-winner/rtl/mappers/MMC1.sv Line: 213
Info (12021): Found 24 design units, including 24 entities, in source file rtl/mappers/misc.sv
    Info (12023): Found entity 1: Mapper15 File: /home/struktured/projects/NES_MiSTer-winner/rtl/mappers/misc.sv Line: 4
    Info (12023): Found entity 2: Mapper16 File: /home/struktured/projects/NES_MiSTer-winner/rtl/mappers/misc.sv Line: 106
    Info (12023): Found entity 3: Mapper18 File: /home/struktured/projects/NES_MiSTer-winner/rtl/mappers/misc.sv Line: 381
    Info (12023): Found entity 4: Mapper32 File: /home/struktured/projects/NES_MiSTer-winner/rtl/mappers/misc.sv Line: 631
    Info (12023): Found entity 5: Mapper42 File: /home/struktured/projects/NES_MiSTer-winner/rtl/mappers/misc.sv Line: 800
    Info (12023): Found entity 6: KS202 File: /home/struktured/projects/NES_MiSTer-winner/rtl/mappers/misc.sv Line: 933
    Info (12023): Found entity 7: Mapper65 File: /home/struktured/projects/NES_MiSTer-winner/rtl/mappers/misc.sv Line: 1059
    Info (12023): Found entity 8: Mapper41 File: /home/struktured/projects/NES_MiSTer-winner/rtl/mappers/misc.sv Line: 1256
    Info (12023): Found entity 9: Mapper218 File: /home/struktured/projects/NES_MiSTer-winner/rtl/mappers/misc.sv Line: 1328
    Info (12023): Found entity 10: Mapper228 File: /home/struktured/projects/NES_MiSTer-winner/rtl/mappers/misc.sv Line: 1382
    Info (12023): Found entity 11: Mapper234 File: /home/struktured/projects/NES_MiSTer-winner/rtl/mappers/misc.sv Line: 1452
    Info (12023): Found entity 12: Mapper246 File: /home/struktured/projects/NES_MiSTer-winner/rtl/mappers/misc.sv Line: 1528
    Info (12023): Found entity 13: Mapper72 File: /home/struktured/projects/NES_MiSTer-winner/rtl/mappers/misc.sv Line: 1632
    Info (12023): Found entity 14: Mapper162 File: /home/struktured/projects/NES_MiSTer-winner/rtl/mappers/misc.sv Line: 1736
    Info (12023): Found entity 15: Mapper164 File: /home/struktured/projects/NES_MiSTer-winner/rtl/mappers/misc.sv Line: 1818
    Info (12023): Found entity 16: Nanjing File: /home/struktured/projects/NES_MiSTer-winner/rtl/mappers/misc.sv Line: 1888
    Info (12023): Found entity 17: Mapper156 File: /home/struktured/projects/NES_MiSTer-winner/rtl/mappers/misc.sv Line: 2023
    Info (12023): Found entity 18: Mapper200 File: /home/struktured/projects/NES_MiSTer-winner/rtl/mappers/misc.sv Line: 2186
    Info (12023): Found entity 19: Mapper225 File: /home/struktured/projects/NES_MiSTer-winner/rtl/mappers/misc.sv Line: 2280
    Info (12023): Found entity 20: Mapper227 File: /home/struktured/projects/NES_MiSTer-winner/rtl/mappers/misc.sv Line: 2366
    Info (12023): Found entity 21: NSF File: /home/struktured/projects/NES_MiSTer-winner/rtl/mappers/misc.sv Line: 2474
    Info (12023): Found entity 22: Mapper111 File: /home/struktured/projects/NES_MiSTer-winner/rtl/mappers/misc.sv Line: 2962
    Info (12023): Found entity 23: Mapper83 File: /home/struktured/projects/NES_MiSTer-winner/rtl/mappers/misc.sv Line: 3096
    Info (12023): Found entity 24: Mapper91 File: /home/struktured/projects/NES_MiSTer-winner/rtl/mappers/misc.sv Line: 3305
Info (12021): Found 2 design units, including 2 entities, in source file rtl/mappers/JYCompany.sv
    Info (12023): Found entity 1: multiplier File: /home/struktured/projects/NES_MiSTer-winner/rtl/mappers/JYCompany.sv Line: 3
    Info (12023): Found entity 2: JYCompany File: /home/struktured/projects/NES_MiSTer-winner/rtl/mappers/JYCompany.sv Line: 56
Info (12021): Found 12 design units, including 12 entities, in source file rtl/mappers/generic.sv
    Info (12023): Found entity 1: MMC0 File: /home/struktured/projects/NES_MiSTer-winner/rtl/mappers/generic.sv Line: 4
    Info (12023): Found entity 2: Mapper13 File: /home/struktured/projects/NES_MiSTer-winner/rtl/mappers/generic.sv Line: 59
    Info (12023): Found entity 3: Mapper30 File: /home/struktured/projects/NES_MiSTer-winner/rtl/mappers/generic.sv Line: 121
    Info (12023): Found entity 4: Mapper66 File: /home/struktured/projects/NES_MiSTer-winner/rtl/mappers/generic.sv Line: 278
    Info (12023): Found entity 5: Mapper34 File: /home/struktured/projects/NES_MiSTer-winner/rtl/mappers/generic.sv Line: 405
    Info (12023): Found entity 6: Mapper71 File: /home/struktured/projects/NES_MiSTer-winner/rtl/mappers/generic.sv Line: 511
    Info (12023): Found entity 7: Mapper77 File: /home/struktured/projects/NES_MiSTer-winner/rtl/mappers/generic.sv Line: 615
    Info (12023): Found entity 8: Mapper78 File: /home/struktured/projects/NES_MiSTer-winner/rtl/mappers/generic.sv Line: 711
    Info (12023): Found entity 9: Mapper79 File: /home/struktured/projects/NES_MiSTer-winner/rtl/mappers/generic.sv Line: 827
    Info (12023): Found entity 10: Mapper89 File: /home/struktured/projects/NES_MiSTer-winner/rtl/mappers/generic.sv Line: 929
    Info (12023): Found entity 11: Mapper107 File: /home/struktured/projects/NES_MiSTer-winner/rtl/mappers/generic.sv Line: 1061
    Info (12023): Found entity 12: Mapper28 File: /home/struktured/projects/NES_MiSTer-winner/rtl/mappers/generic.sv Line: 1129
Info (12021): Found 3 design units, including 3 entities, in source file rtl/mappers/FDS.sv
    Info (12023): Found entity 1: MapperFDS File: /home/struktured/projects/NES_MiSTer-winner/rtl/mappers/FDS.sv Line: 3
    Info (12023): Found entity 2: fds_mixed File: /home/struktured/projects/NES_MiSTer-winner/rtl/mappers/FDS.sv Line: 563
    Info (12023): Found entity 3: fds_audio File: /home/struktured/projects/NES_MiSTer-winner/rtl/mappers/FDS.sv Line: 648
Info (12021): Found 4 design units, including 2 entities, in source file rtl/SOUND/OPLL/VM2413/attacktable.vhd
    Info (12022): Found design unit 1: attack_table_mul-rtl File: /home/struktured/projects/NES_MiSTer-winner/rtl/SOUND/OPLL/VM2413/attacktable.vhd Line: 50
    Info (12022): Found design unit 2: attacktable-rtl File: /home/struktured/projects/NES_MiSTer-winner/rtl/SOUND/OPLL/VM2413/attacktable.vhd Line: 73
    Info (12023): Found entity 1: attack_table_mul File: /home/struktured/projects/NES_MiSTer-winner/rtl/SOUND/OPLL/VM2413/attacktable.vhd Line: 42
    Info (12023): Found entity 2: AttackTable File: /home/struktured/projects/NES_MiSTer-winner/rtl/SOUND/OPLL/VM2413/attacktable.vhd Line: 64
Info (12021): Found 2 design units, including 1 entities, in source file rtl/SOUND/OPLL/VM2413/controller.vhd
    Info (12022): Found design unit 1: controller-rtl File: /home/struktured/projects/NES_MiSTer-winner/rtl/SOUND/OPLL/VM2413/controller.vhd Line: 106
    Info (12023): Found entity 1: controller File: /home/struktured/projects/NES_MiSTer-winner/rtl/SOUND/OPLL/VM2413/controller.vhd Line: 70
Info (12021): Found 2 design units, including 1 entities, in source file rtl/SOUND/OPLL/VM2413/envelopegenerator.vhd
    Info (12022): Found design unit 1: envelopegenerator-rtl File: /home/struktured/projects/NES_MiSTer-winner/rtl/SOUND/OPLL/VM2413/envelopegenerator.vhd Line: 65
    Info (12023): Found entity 1: envelopegenerator File: /home/struktured/projects/NES_MiSTer-winner/rtl/SOUND/OPLL/VM2413/envelopegenerator.vhd Line: 42
Info (12021): Found 2 design units, including 1 entities, in source file rtl/SOUND/OPLL/VM2413/envelopememory.vhd
    Info (12022): Found design unit 1: EnvelopeMemory-RTL File: /home/struktured/projects/NES_MiSTer-winner/rtl/SOUND/OPLL/VM2413/envelopememory.vhd Line: 48
    Info (12023): Found entity 1: EnvelopeMemory File: /home/struktured/projects/NES_MiSTer-winner/rtl/SOUND/OPLL/VM2413/envelopememory.vhd Line: 36
Info (12021): Found 2 design units, including 1 entities, in source file rtl/SOUND/OPLL/VM2413/feedbackmemory.vhd
    Info (12022): Found design unit 1: FeedbackMemory-RTL File: /home/struktured/projects/NES_MiSTer-winner/rtl/SOUND/OPLL/VM2413/feedbackmemory.vhd Line: 52
    Info (12023): Found entity 1: FeedbackMemory File: /home/struktured/projects/NES_MiSTer-winner/rtl/SOUND/OPLL/VM2413/feedbackmemory.vhd Line: 41
Info (12021): Found 4 design units, including 2 entities, in source file rtl/SOUND/OPLL/VM2413/lineartable.vhd
    Info (12022): Found design unit 1: linear_table_mul-rtl File: /home/struktured/projects/NES_MiSTer-winner/rtl/SOUND/OPLL/VM2413/lineartable.vhd Line: 49
    Info (12022): Found design unit 2: lineartable-rtl File: /home/struktured/projects/NES_MiSTer-winner/rtl/SOUND/OPLL/VM2413/lineartable.vhd Line: 72
    Info (12023): Found entity 1: linear_table_mul File: /home/struktured/projects/NES_MiSTer-winner/rtl/SOUND/OPLL/VM2413/lineartable.vhd Line: 41
    Info (12023): Found entity 2: LinearTable File: /home/struktured/projects/NES_MiSTer-winner/rtl/SOUND/OPLL/VM2413/lineartable.vhd Line: 63
Info (12021): Found 2 design units, including 1 entities, in source file rtl/SOUND/OPLL/VM2413/operator.vhd
    Info (12022): Found design unit 1: Operator-rtl File: /home/struktured/projects/NES_MiSTer-winner/rtl/SOUND/OPLL/VM2413/operator.vhd Line: 65
    Info (12023): Found entity 1: Operator File: /home/struktured/projects/NES_MiSTer-winner/rtl/SOUND/OPLL/VM2413/operator.vhd Line: 41
Info (12021): Found 2 design units, including 1 entities, in source file rtl/SOUND/OPLL/VM2413/opll.vhd
    Info (12022): Found design unit 1: opll-rtl File: /home/struktured/projects/NES_MiSTer-winner/rtl/SOUND/OPLL/VM2413/opll.vhd Line: 55
    Info (12023): Found entity 1: opll File: /home/struktured/projects/NES_MiSTer-winner/rtl/SOUND/OPLL/VM2413/opll.vhd Line: 41
Info (12021): Found 2 design units, including 1 entities, in source file rtl/SOUND/OPLL/VM2413/outputgenerator.vhd
    Info (12022): Found design unit 1: OutputGenerator-RTL File: /home/struktured/projects/NES_MiSTer-winner/rtl/SOUND/OPLL/VM2413/outputgenerator.vhd Line: 55
    Info (12023): Found entity 1: OutputGenerator File: /home/struktured/projects/NES_MiSTer-winner/rtl/SOUND/OPLL/VM2413/outputgenerator.vhd Line: 36
Info (12021): Found 2 design units, including 1 entities, in source file rtl/SOUND/OPLL/VM2413/outputmemory.vhd
    Info (12022): Found design unit 1: OutputMemory-RTL File: /home/struktured/projects/NES_MiSTer-winner/rtl/SOUND/OPLL/VM2413/outputmemory.vhd Line: 48
    Info (12023): Found entity 1: OutputMemory File: /home/struktured/projects/NES_MiSTer-winner/rtl/SOUND/OPLL/VM2413/outputmemory.vhd Line: 36
Info (12021): Found 2 design units, including 1 entities, in source file rtl/SOUND/OPLL/VM2413/phasegenerator.vhd
    Info (12022): Found design unit 1: PhaseGenerator-RTL File: /home/struktured/projects/NES_MiSTer-winner/rtl/SOUND/OPLL/VM2413/phasegenerator.vhd Line: 61
    Info (12023): Found entity 1: PhaseGenerator File: /home/struktured/projects/NES_MiSTer-winner/rtl/SOUND/OPLL/VM2413/phasegenerator.vhd Line: 41
Info (12021): Found 2 design units, including 1 entities, in source file rtl/SOUND/OPLL/VM2413/phasememory.vhd
    Info (12022): Found design unit 1: PhaseMemory-RTL File: /home/struktured/projects/NES_MiSTer-winner/rtl/SOUND/OPLL/VM2413/phasememory.vhd Line: 47
    Info (12023): Found entity 1: PhaseMemory File: /home/struktured/projects/NES_MiSTer-winner/rtl/SOUND/OPLL/VM2413/phasememory.vhd Line: 36
Info (12021): Found 2 design units, including 1 entities, in source file rtl/SOUND/OPLL/VM2413/registermemory.vhd
    Info (12022): Found design unit 1: registermemory-rtl File: /home/struktured/projects/NES_MiSTer-winner/rtl/SOUND/OPLL/VM2413/registermemory.vhd Line: 51
    Info (12023): Found entity 1: RegisterMemory File: /home/struktured/projects/NES_MiSTer-winner/rtl/SOUND/OPLL/VM2413/registermemory.vhd Line: 40
Info (12021): Found 4 design units, including 2 entities, in source file rtl/SOUND/OPLL/VM2413/sinetable.vhd
    Info (12022): Found design unit 1: interpolate_mul-rtl File: /home/struktured/projects/NES_MiSTer-winner/rtl/SOUND/OPLL/VM2413/sinetable.vhd Line: 49
    Info (12022): Found design unit 2: sinetable-rtl File: /home/struktured/projects/NES_MiSTer-winner/rtl/SOUND/OPLL/VM2413/sinetable.vhd Line: 73
    Info (12023): Found entity 1: interpolate_mul File: /home/struktured/projects/NES_MiSTer-winner/rtl/SOUND/OPLL/VM2413/sinetable.vhd Line: 41
    Info (12023): Found entity 2: SineTable File: /home/struktured/projects/NES_MiSTer-winner/rtl/SOUND/OPLL/VM2413/sinetable.vhd Line: 63
Info (12021): Found 2 design units, including 1 entities, in source file rtl/SOUND/OPLL/VM2413/slotcounter.vhd
    Info (12022): Found design unit 1: SlotCounter-rtl File: /home/struktured/projects/NES_MiSTer-winner/rtl/SOUND/OPLL/VM2413/slotcounter.vhd Line: 54
    Info (12023): Found entity 1: SlotCounter File: /home/struktured/projects/NES_MiSTer-winner/rtl/SOUND/OPLL/VM2413/slotcounter.vhd Line: 40
Info (12021): Found 2 design units, including 1 entities, in source file rtl/SOUND/OPLL/VM2413/temporalmixer.vhd
    Info (12022): Found design unit 1: TemporalMixer-RTL File: /home/struktured/projects/NES_MiSTer-winner/rtl/SOUND/OPLL/VM2413/temporalmixer.vhd Line: 55
    Info (12023): Found entity 1: TemporalMixer File: /home/struktured/projects/NES_MiSTer-winner/rtl/SOUND/OPLL/VM2413/temporalmixer.vhd Line: 37
Info (12021): Found 2 design units, including 0 entities, in source file rtl/SOUND/OPLL/VM2413/vm2413.vhd
    Info (12022): Found design unit 1: VM2413 File: /home/struktured/projects/NES_MiSTer-winner/rtl/SOUND/OPLL/VM2413/vm2413.vhd Line: 36
    Info (12022): Found design unit 2: VM2413-body File: /home/struktured/projects/NES_MiSTer-winner/rtl/SOUND/OPLL/VM2413/vm2413.vhd Line: 152
Info (12021): Found 2 design units, including 1 entities, in source file rtl/SOUND/OPLL/VM2413/voicememory.vhd
    Info (12022): Found design unit 1: VoiceMemory-RTL File: /home/struktured/projects/NES_MiSTer-winner/rtl/SOUND/OPLL/VM2413/voicememory.vhd Line: 50
    Info (12023): Found entity 1: VoiceMemory File: /home/struktured/projects/NES_MiSTer-winner/rtl/SOUND/OPLL/VM2413/voicememory.vhd Line: 36
Info (12021): Found 2 design units, including 1 entities, in source file rtl/SOUND/OPLL/VM2413/voicerom.vhd
    Info (12022): Found design unit 1: VoiceRom-RTL File: /home/struktured/projects/NES_MiSTer-winner/rtl/SOUND/OPLL/VM2413/voicerom.vhd Line: 44
    Info (12023): Found entity 1: VoiceRom File: /home/struktured/projects/NES_MiSTer-winner/rtl/SOUND/OPLL/VM2413/voicerom.vhd Line: 36
Info (12021): Found 2 design units, including 1 entities, in source file rtl/SOUND/OPLL/eseopll.vhd
    Info (12022): Found design unit 1: eseopll-RTL File: /home/struktured/projects/NES_MiSTer-winner/rtl/SOUND/OPLL/eseopll.vhd Line: 52
    Info (12023): Found entity 1: eseopll File: /home/struktured/projects/NES_MiSTer-winner/rtl/SOUND/OPLL/eseopll.vhd Line: 37
Info (12021): Found 1 design units, including 1 entities, in source file rtl/sdram.sv
    Info (12023): Found entity 1: sdram File: /home/struktured/projects/NES_MiSTer-winner/rtl/sdram.sv Line: 22
Info (12021): Found 6 design units, including 3 entities, in source file rtl/dpram.vhd
    Info (12022): Found design unit 1: spram-SYN File: /home/struktured/projects/NES_MiSTer-winner/rtl/dpram.vhd Line: 31
    Info (12022): Found design unit 2: spram_sz-SYN File: /home/struktured/projects/NES_MiSTer-winner/rtl/dpram.vhd Line: 69
    Info (12022): Found design unit 3: dpram-SYN File: /home/struktured/projects/NES_MiSTer-winner/rtl/dpram.vhd Line: 137
    Info (12023): Found entity 1: spram File: /home/struktured/projects/NES_MiSTer-winner/rtl/dpram.vhd Line: 11
    Info (12023): Found entity 2: spram_sz File: /home/struktured/projects/NES_MiSTer-winner/rtl/dpram.vhd Line: 49
    Info (12023): Found entity 3: dpram File: /home/struktured/projects/NES_MiSTer-winner/rtl/dpram.vhd Line: 110
Info (12021): Found 1 design units, including 1 entities, in source file rtl/ddram.sv
    Info (12023): Found entity 1: ddram File: /home/struktured/projects/NES_MiSTer-winner/rtl/ddram.sv Line: 22
Info (12021): Found 1 design units, including 1 entities, in source file rtl/EEPROM_24C0x.sv
    Info (12023): Found entity 1: EEPROM_24C0x File: /home/struktured/projects/NES_MiSTer-winner/rtl/EEPROM_24C0x.sv Line: 4
Info (12021): Found 1 design units, including 1 entities, in source file rtl/cheatcodes.sv
    Info (12023): Found entity 1: CODES File: /home/struktured/projects/NES_MiSTer-winner/rtl/cheatcodes.sv Line: 10
Info (12021): Found 2 design units, including 2 entities, in source file rtl/miracle.sv
    Info (12023): Found entity 1: miraclepiano File: /home/struktured/projects/NES_MiSTer-winner/rtl/miracle.sv Line: 28
    Info (12023): Found entity 2: midi_uart File: /home/struktured/projects/NES_MiSTer-winner/rtl/miracle.sv Line: 199
Info (12021): Found 1 design units, including 1 entities, in source file rtl/keyboard.sv
    Info (12023): Found entity 1: keyboard File: /home/struktured/projects/NES_MiSTer-winner/rtl/keyboard.sv Line: 4
Info (12021): Found 1 design units, including 1 entities, in source file rtl/zapper.sv
    Info (12023): Found entity 1: zapper File: /home/struktured/projects/NES_MiSTer-winner/rtl/zapper.sv Line: 4
Info (12021): Found 1 design units, including 1 entities, in source file rtl/cart.sv
    Info (12023): Found entity 1: cart_top File: /home/struktured/projects/NES_MiSTer-winner/rtl/cart.sv Line: 18
Info (12021): Found 1 design units, including 1 entities, in source file rtl/video.sv
    Info (12023): Found entity 1: video File: /home/struktured/projects/NES_MiSTer-winner/rtl/video.sv Line: 4
Info (12021): Found 12 design units, including 12 entities, in source file rtl/ppu.sv
    Info (12023): Found entity 1: VramAddressGen File: /home/struktured/projects/NES_MiSTer-winner/rtl/ppu.sv Line: 10
    Info (12023): Found entity 2: ClockGen File: /home/struktured/projects/NES_MiSTer-winner/rtl/ppu.sv Line: 171
    Info (12023): Found entity 3: Sprite File: /home/struktured/projects/NES_MiSTer-winner/rtl/ppu.sv Line: 352
    Info (12023): Found entity 4: SpriteSet File: /home/struktured/projects/NES_MiSTer-winner/rtl/ppu.sv Line: 391
    Info (12023): Found entity 5: OAMEval File: /home/struktured/projects/NES_MiSTer-winner/rtl/ppu.sv Line: 458
    Info (12023): Found entity 6: SpriteAddressGen File: /home/struktured/projects/NES_MiSTer-winner/rtl/ppu.sv Line: 856
    Info (12023): Found entity 7: SpriteAddressGenEx File: /home/struktured/projects/NES_MiSTer-winner/rtl/ppu.sv Line: 916
    Info (12023): Found entity 8: BgPainter File: /home/struktured/projects/NES_MiSTer-winner/rtl/ppu.sv Line: 993
    Info (12023): Found entity 9: PixelMuxer File: /home/struktured/projects/NES_MiSTer-winner/rtl/ppu.sv Line: 1078
    Info (12023): Found entity 10: PaletteRam File: /home/struktured/projects/NES_MiSTer-winner/rtl/ppu.sv Line: 1095
    Info (12023): Found entity 11: debug_dots File: /home/struktured/projects/NES_MiSTer-winner/rtl/ppu.sv Line: 1182
    Info (12023): Found entity 12: PPU File: /home/struktured/projects/NES_MiSTer-winner/rtl/ppu.sv Line: 1233
Info (12021): Found 9 design units, including 9 entities, in source file rtl/apu.sv
    Info (12023): Found entity 1: LenCounterUnit File: /home/struktured/projects/NES_MiSTer-winner/rtl/apu.sv Line: 4
    Info (12023): Found entity 2: EnvelopeUnit File: /home/struktured/projects/NES_MiSTer-winner/rtl/apu.sv Line: 65
    Info (12023): Found entity 3: SquareChan File: /home/struktured/projects/NES_MiSTer-winner/rtl/apu.sv Line: 117
    Info (12023): Found entity 4: TriangleChan File: /home/struktured/projects/NES_MiSTer-winner/rtl/apu.sv Line: 266
    Info (12023): Found entity 5: NoiseChan File: /home/struktured/projects/NES_MiSTer-winner/rtl/apu.sv Line: 375
    Info (12023): Found entity 6: DmcChan File: /home/struktured/projects/NES_MiSTer-winner/rtl/apu.sv Line: 485
    Info (12023): Found entity 7: FrameCtr File: /home/struktured/projects/NES_MiSTer-winner/rtl/apu.sv Line: 720
    Info (12023): Found entity 8: APU File: /home/struktured/projects/NES_MiSTer-winner/rtl/apu.sv Line: 870
    Info (12023): Found entity 9: APUMixer File: /home/struktured/projects/NES_MiSTer-winner/rtl/apu.sv Line: 1166
Info (12021): Found 3 design units, including 1 entities, in source file rtl/bus_savestates.vhd
    Info (12022): Found design unit 1: pBus_savestates File: /home/struktured/projects/NES_MiSTer-winner/rtl/bus_savestates.vhd Line: 9
    Info (12022): Found design unit 2: eReg_SavestateV-arch File: /home/struktured/projects/NES_MiSTer-winner/rtl/bus_savestates.vhd Line: 46
    Info (12023): Found entity 1: eReg_SavestateV File: /home/struktured/projects/NES_MiSTer-winner/rtl/bus_savestates.vhd Line: 27
Info (12021): Found 2 design units, including 1 entities, in source file rtl/statemanager.vhd
    Info (12022): Found design unit 1: statemanager-arch File: /home/struktured/projects/NES_MiSTer-winner/rtl/statemanager.vhd Line: 33
    Info (12023): Found entity 1: statemanager File: /home/struktured/projects/NES_MiSTer-winner/rtl/statemanager.vhd Line: 5
Info (12021): Found 2 design units, including 1 entities, in source file rtl/savestates.vhd
    Info (12022): Found design unit 1: savestates-arch File: /home/struktured/projects/NES_MiSTer-winner/rtl/savestates.vhd Line: 52
    Info (12023): Found entity 1: savestates File: /home/struktured/projects/NES_MiSTer-winner/rtl/savestates.vhd Line: 7
Info (12021): Found 1 design units, including 0 entities, in source file rtl/regs_savestates.sv
    Info (12022): Found design unit 1: regs_savestates (SystemVerilog) File: /home/struktured/projects/NES_MiSTer-winner/rtl/regs_savestates.sv Line: 1
Info (12021): Found 1 design units, including 1 entities, in source file rtl/savestate_ui.sv
    Info (12023): Found entity 1: savestate_ui File: /home/struktured/projects/NES_MiSTer-winner/rtl/savestate_ui.sv Line: 1
Info (12021): Found 2 design units, including 2 entities, in source file rtl/nes.v
    Info (12023): Found entity 1: DmaController File: /home/struktured/projects/NES_MiSTer-winner/rtl/nes.v Line: 21
    Info (12023): Found entity 2: NES File: /home/struktured/projects/NES_MiSTer-winner/rtl/nes.v Line: 74
Info (12021): Found 3 design units, including 3 entities, in source file rtl/dsp.v
    Info (12023): Found entity 1: Mac File: /home/struktured/projects/NES_MiSTer-winner/rtl/dsp.v Line: 4
    Info (12023): Found entity 2: Add24 File: /home/struktured/projects/NES_MiSTer-winner/rtl/dsp.v Line: 66
    Info (12023): Found entity 3: FirFilter File: /home/struktured/projects/NES_MiSTer-winner/rtl/dsp.v Line: 78
Info (12021): Found 5 design units, including 5 entities, in source file rtl/compat.v
    Info (12023): Found entity 1: MUXCY File: /home/struktured/projects/NES_MiSTer-winner/rtl/compat.v Line: 3
    Info (12023): Found entity 2: MUXCY_L File: /home/struktured/projects/NES_MiSTer-winner/rtl/compat.v Line: 6
    Info (12023): Found entity 3: MUXCY_D File: /home/struktured/projects/NES_MiSTer-winner/rtl/compat.v Line: 9
    Info (12023): Found entity 4: XORCY File: /home/struktured/projects/NES_MiSTer-winner/rtl/compat.v Line: 13
    Info (12023): Found entity 5: XOR2 File: /home/struktured/projects/NES_MiSTer-winner/rtl/compat.v Line: 16
Info (12021): Found 2 design units, including 2 entities, in source file NES.sv
    Info (12023): Found entity 1: emu File: /home/struktured/projects/NES_MiSTer-winner/NES.sv Line: 6
    Info (12023): Found entity 2: GameLoader File: /home/struktured/projects/NES_MiSTer-winner/NES.sv Line: 1268
Info (12127): Elaborating entity "sys_top" for the top level hierarchy
Info (12128): Elaborating entity "mcp23009" for hierarchy "mcp23009:mcp23009" File: /home/struktured/projects/NES_MiSTer-winner/sys/sys_top.v Line: 175
Info (12128): Elaborating entity "i2c" for hierarchy "mcp23009:mcp23009|i2c:i2c" File: /home/struktured/projects/NES_MiSTer-winner/sys/mcp23009.sv Line: 41
Info (12128): Elaborating entity "sysmem_lite" for hierarchy "sysmem_lite:sysmem" File: /home/struktured/projects/NES_MiSTer-winner/sys/sys_top.v Line: 650
Info (12128): Elaborating entity "f2sdram_safe_terminator" for hierarchy "sysmem_lite:sysmem|f2sdram_safe_terminator:f2sdram_safe_terminator_ram1" File: /home/struktured/projects/NES_MiSTer-winner/sys/sysmem.sv Line: 91
Info (12128): Elaborating entity "f2sdram_safe_terminator" for hierarchy "sysmem_lite:sysmem|f2sdram_safe_terminator:f2sdram_safe_terminator_vbuf" File: /home/struktured/projects/NES_MiSTer-winner/sys/sysmem.sv Line: 183
Info (12128): Elaborating entity "sysmem_HPS_fpga_interfaces" for hierarchy "sysmem_lite:sysmem|sysmem_HPS_fpga_interfaces:fpga_interfaces" File: /home/struktured/projects/NES_MiSTer-winner/sys/sysmem.sv Line: 223
Info (12128): Elaborating entity "ddr_svc" for hierarchy "ddr_svc:ddr_svc" File: /home/struktured/projects/NES_MiSTer-winner/sys/sys_top.v Line: 691
Info (12128): Elaborating entity "ascal" for hierarchy "ascal:ascal" File: /home/struktured/projects/NES_MiSTer-winner/sys/sys_top.v Line: 830
Info (19000): Inferred 9 megafunctions from design logic
    Info (276029): Inferred altsyncram megafunction from the following design logic: "ascal:ascal|altsyncram:i_mem[0].r[7]__1" 
        Info (286033): Parameter OPERATION_MODE set to DUAL_PORT
        Info (286033): Parameter WIDTH_A set to 24
        Info (286033): Parameter WIDTHAD_A set to 11
        Info (286033): Parameter NUMWORDS_A set to 2048
        Info (286033): Parameter WIDTH_B set to 24
        Info (286033): Parameter WIDTHAD_B set to 11
        Info (286033): Parameter NUMWORDS_B set to 2048
        Info (286033): Parameter ADDRESS_ACLR_A set to NONE
        Info (286033): Parameter OUTDATA_REG_B set to UNREGISTERED
        Info (286033): Parameter ADDRESS_ACLR_B set to NONE
        Info (286033): Parameter OUTDATA_ACLR_B set to NONE
        Info (286033): Parameter ADDRESS_REG_B set to CLOCK0
        Info (286033): Parameter INDATA_ACLR_A set to NONE
        Info (286033): Parameter WRCONTROL_ACLR_A set to NONE
        Info (286033): Parameter READ_DURING_WRITE_MODE_MIXED_PORTS set to OLD_DATA
        Info (286033): Parameter RDCONTROL_REG_B set to CLOCK0
    Info (276029): Inferred altsyncram megafunction from the following design logic: "ascal:ascal|altsyncram:o_line0[0].r[7]__2" 
        Info (286033): Parameter OPERATION_MODE set to DUAL_PORT
        Info (286033): Parameter WIDTH_A set to 24
        Info (286033): Parameter WIDTHAD_A set to 11
        Info (286033): Parameter NUMWORDS_A set to 2048
        Info (286033): Parameter WIDTH_B set to 24
        Info (286033): Parameter WIDTHAD_B set to 11
        Info (286033): Parameter NUMWORDS_B set to 2048
        Info (286033): Parameter ADDRESS_ACLR_A set to NONE
        Info (286033): Parameter OUTDATA_REG_B set to UNREGISTERED
        Info (286033): Parameter ADDRESS_ACLR_B set to NONE
        Info (286033): Parameter OUTDATA_ACLR_B set to NONE
        Info (286033): Parameter ADDRESS_REG_B set to CLOCK0
        Info (286033): Parameter INDATA_ACLR_A set to NONE
        Info (286033): Parameter WRCONTROL_ACLR_A set to NONE
        Info (286033): Parameter READ_DURING_WRITE_MODE_MIXED_PORTS set to OLD_DATA
    Info (276029): Inferred altsyncram megafunction from the following design logic: "ascal:ascal|altsyncram:o_line1[0].r[7]__3" 
        Info (286033): Parameter OPERATION_MODE set to DUAL_PORT
        Info (286033): Parameter WIDTH_A set to 24
        Info (286033): Parameter WIDTHAD_A set to 11
        Info (286033): Parameter NUMWORDS_A set to 2048
        Info (286033): Parameter WIDTH_B set to 24
        Info (286033): Parameter WIDTHAD_B set to 11
        Info (286033): Parameter NUMWORDS_B set to 2048
        Info (286033): Parameter ADDRESS_ACLR_A set to NONE
        Info (286033): Parameter OUTDATA_REG_B set to UNREGISTERED
        Info (286033): Parameter ADDRESS_ACLR_B set to NONE
        Info (286033): Parameter OUTDATA_ACLR_B set to NONE
        Info (286033): Parameter ADDRESS_REG_B set to CLOCK0
        Info (286033): Parameter INDATA_ACLR_A set to NONE
        Info (286033): Parameter WRCONTROL_ACLR_A set to NONE
        Info (286033): Parameter READ_DURING_WRITE_MODE_MIXED_PORTS set to OLD_DATA
    Info (276029): Inferred altsyncram megafunction from the following design logic: "ascal:ascal|altsyncram:o_line2[0].r[7]__4" 
        Info (286033): Parameter OPERATION_MODE set to DUAL_PORT
        Info (286033): Parameter WIDTH_A set to 24
        Info (286033): Parameter WIDTHAD_A set to 11
        Info (286033): Parameter NUMWORDS_A set to 2048
        Info (286033): Parameter WIDTH_B set to 24
        Info (286033): Parameter WIDTHAD_B set to 11
        Info (286033): Parameter NUMWORDS_B set to 2048
        Info (286033): Parameter ADDRESS_ACLR_A set to NONE
        Info (286033): Parameter OUTDATA_REG_B set to UNREGISTERED
        Info (286033): Parameter ADDRESS_ACLR_B set to NONE
        Info (286033): Parameter OUTDATA_ACLR_B set to NONE
        Info (286033): Parameter ADDRESS_REG_B set to CLOCK0
        Info (286033): Parameter INDATA_ACLR_A set to NONE
        Info (286033): Parameter WRCONTROL_ACLR_A set to NONE
        Info (286033): Parameter READ_DURING_WRITE_MODE_MIXED_PORTS set to OLD_DATA
    Info (276029): Inferred altsyncram megafunction from the following design logic: "ascal:ascal|altsyncram:o_line3[0].r[7]__5" 
        Info (286033): Parameter OPERATION_MODE set to DUAL_PORT
        Info (286033): Parameter WIDTH_A set to 24
        Info (286033): Parameter WIDTHAD_A set to 11
        Info (286033): Parameter NUMWORDS_A set to 2048
        Info (286033): Parameter WIDTH_B set to 24
        Info (286033): Parameter WIDTHAD_B set to 11
        Info (286033): Parameter NUMWORDS_B set to 2048
        Info (286033): Parameter ADDRESS_ACLR_A set to NONE
        Info (286033): Parameter OUTDATA_REG_B set to UNREGISTERED
        Info (286033): Parameter ADDRESS_ACLR_B set to NONE
        Info (286033): Parameter OUTDATA_ACLR_B set to NONE
        Info (286033): Parameter ADDRESS_REG_B set to CLOCK0
        Info (286033): Parameter INDATA_ACLR_A set to NONE
        Info (286033): Parameter WRCONTROL_ACLR_A set to NONE
        Info (286033): Parameter READ_DURING_WRITE_MODE_MIXED_PORTS set to OLD_DATA
    Info (276029): Inferred altsyncram megafunction from the following design logic: "ascal:ascal|altsyncram:o_linf0[0].r[7]__6" 
        Info (286033): Parameter OPERATION_MODE set to DUAL_PORT
        Info (286033): Parameter WIDTH_A set to 24
        Info (286033): Parameter WIDTHAD_A set to 8
        Info (286033): Parameter NUMWORDS_A set to 256
        Info (286033): Parameter WIDTH_B set to 24
        Info (286033): Parameter WIDTHAD_B set to 8
        Info (286033): Parameter NUMWORDS_B set to 256
        Info (286033): Parameter ADDRESS_ACLR_A set to NONE
        Info (286033): Parameter OUTDATA_REG_B set to UNREGISTERED
        Info (286033): Parameter ADDRESS_ACLR_B set to NONE
        Info (286033): Parameter OUTDATA_ACLR_B set to NONE
        Info (286033): Parameter ADDRESS_REG_B set to CLOCK0
        Info (286033): Parameter INDATA_ACLR_A set to NONE
        Info (286033): Parameter WRCONTROL_ACLR_A set to NONE
        Info (286033): Parameter READ_DURING_WRITE_MODE_MIXED_PORTS set to OLD_DATA
    Info (276029): Inferred altsyncram megafunction from the following design logic: "ascal:ascal|altsyncram:o_linf1[0].r[7]__7" 
        Info (286033): Parameter OPERATION_MODE set to DUAL_PORT
        Info (286033): Parameter WIDTH_A set to 24
        Info (286033): Parameter WIDTHAD_A set to 8
        Info (286033): Parameter NUMWORDS_A set to 256
        Info (286033): Parameter WIDTH_B set to 24
        Info (286033): Parameter WIDTHAD_B set to 8
        Info (286033): Parameter NUMWORDS_B set to 256
        Info (286033): Parameter ADDRESS_ACLR_A set to NONE
        Info (286033): Parameter OUTDATA_REG_B set to UNREGISTERED
        Info (286033): Parameter ADDRESS_ACLR_B set to NONE
        Info (286033): Parameter OUTDATA_ACLR_B set to NONE
        Info (286033): Parameter ADDRESS_REG_B set to CLOCK0
        Info (286033): Parameter INDATA_ACLR_A set to NONE
        Info (286033): Parameter WRCONTROL_ACLR_A set to NONE
        Info (286033): Parameter READ_DURING_WRITE_MODE_MIXED_PORTS set to OLD_DATA
    Info (276029): Inferred altsyncram megafunction from the following design logic: "ascal:ascal|altsyncram:o_linf2[0].r[7]__8" 
        Info (286033): Parameter OPERATION_MODE set to DUAL_PORT
        Info (286033): Parameter WIDTH_A set to 24
        Info (286033): Parameter WIDTHAD_A set to 8
        Info (286033): Parameter NUMWORDS_A set to 256
        Info (286033): Parameter WIDTH_B set to 24
        Info (286033): Parameter WIDTHAD_B set to 8
        Info (286033): Parameter NUMWORDS_B set to 256
        Info (286033): Parameter ADDRESS_ACLR_A set to NONE
        Info (286033): Parameter OUTDATA_REG_B set to UNREGISTERED
        Info (286033): Parameter ADDRESS_ACLR_B set to NONE
        Info (286033): Parameter OUTDATA_ACLR_B set to NONE
        Info (286033): Parameter ADDRESS_REG_B set to CLOCK0
        Info (286033): Parameter INDATA_ACLR_A set to NONE
        Info (286033): Parameter WRCONTROL_ACLR_A set to NONE
        Info (286033): Parameter READ_DURING_WRITE_MODE_MIXED_PORTS set to OLD_DATA
    Info (276029): Inferred altsyncram megafunction from the following design logic: "ascal:ascal|altsyncram:o_linf3[0].r[7]__9" 
        Info (286033): Parameter OPERATION_MODE set to DUAL_PORT
        Info (286033): Parameter WIDTH_A set to 24
        Info (286033): Parameter WIDTHAD_A set to 8
        Info (286033): Parameter NUMWORDS_A set to 256
        Info (286033): Parameter WIDTH_B set to 24
        Info (286033): Parameter WIDTHAD_B set to 8
        Info (286033): Parameter NUMWORDS_B set to 256
        Info (286033): Parameter ADDRESS_ACLR_A set to NONE
        Info (286033): Parameter OUTDATA_REG_B set to UNREGISTERED
        Info (286033): Parameter ADDRESS_ACLR_B set to NONE
        Info (286033): Parameter OUTDATA_ACLR_B set to NONE
        Info (286033): Parameter ADDRESS_REG_B set to CLOCK0
        Info (286033): Parameter INDATA_ACLR_A set to NONE
        Info (286033): Parameter WRCONTROL_ACLR_A set to NONE
        Info (286033): Parameter READ_DURING_WRITE_MODE_MIXED_PORTS set to OLD_DATA
Info (12128): Elaborating entity "altsyncram" for hierarchy "ascal:ascal|altsyncram:i_mem[0].r[7]__1"
Info (12130): Elaborated megafunction instantiation "ascal:ascal|altsyncram:i_mem[0].r[7]__1"
Info (12133): Instantiated megafunction "ascal:ascal|altsyncram:i_mem[0].r[7]__1" with the following parameter:
    Info (12134): Parameter "OPERATION_MODE" = "DUAL_PORT"
    Info (12134): Parameter "WIDTH_A" = "24"
    Info (12134): Parameter "WIDTHAD_A" = "11"
    Info (12134): Parameter "NUMWORDS_A" = "2048"
    Info (12134): Parameter "WIDTH_B" = "24"
    Info (12134): Parameter "WIDTHAD_B" = "11"
    Info (12134): Parameter "NUMWORDS_B" = "2048"
    Info (12134): Parameter "ADDRESS_ACLR_A" = "NONE"
    Info (12134): Parameter "OUTDATA_REG_B" = "UNREGISTERED"
    Info (12134): Parameter "ADDRESS_ACLR_B" = "NONE"
    Info (12134): Parameter "OUTDATA_ACLR_B" = "NONE"
    Info (12134): Parameter "ADDRESS_REG_B" = "CLOCK0"
    Info (12134): Parameter "INDATA_ACLR_A" = "NONE"
    Info (12134): Parameter "WRCONTROL_ACLR_A" = "NONE"
    Info (12134): Parameter "READ_DURING_WRITE_MODE_MIXED_PORTS" = "OLD_DATA"
    Info (12134): Parameter "RDCONTROL_REG_B" = "CLOCK0"
Info (12021): Found 1 design units, including 1 entities, in source file db/altsyncram_v8q1.tdf
    Info (12023): Found entity 1: altsyncram_v8q1 File: /home/struktured/projects/NES_MiSTer-winner/db/altsyncram_v8q1.tdf Line: 28
Info (12128): Elaborating entity "altsyncram_v8q1" for hierarchy "ascal:ascal|altsyncram:i_mem[0].r[7]__1|altsyncram_v8q1:auto_generated" File: /home/struktured/intelFPGA_lite/23.1std/quartus/libraries/megafunctions/altsyncram.tdf Line: 792
Info (12128): Elaborating entity "altsyncram" for hierarchy "ascal:ascal|altsyncram:o_line0[0].r[7]__2"
Info (12130): Elaborated megafunction instantiation "ascal:ascal|altsyncram:o_line0[0].r[7]__2"
Info (12133): Instantiated megafunction "ascal:ascal|altsyncram:o_line0[0].r[7]__2" with the following parameter:
    Info (12134): Parameter "OPERATION_MODE" = "DUAL_PORT"
    Info (12134): Parameter "WIDTH_A" = "24"
    Info (12134): Parameter "WIDTHAD_A" = "11"
    Info (12134): Parameter "NUMWORDS_A" = "2048"
    Info (12134): Parameter "WIDTH_B" = "24"
    Info (12134): Parameter "WIDTHAD_B" = "11"
    Info (12134): Parameter "NUMWORDS_B" = "2048"
    Info (12134): Parameter "ADDRESS_ACLR_A" = "NONE"
    Info (12134): Parameter "OUTDATA_REG_B" = "UNREGISTERED"
    Info (12134): Parameter "ADDRESS_ACLR_B" = "NONE"
    Info (12134): Parameter "OUTDATA_ACLR_B" = "NONE"
    Info (12134): Parameter "ADDRESS_REG_B" = "CLOCK0"
    Info (12134): Parameter "INDATA_ACLR_A" = "NONE"
    Info (12134): Parameter "WRCONTROL_ACLR_A" = "NONE"
    Info (12134): Parameter "READ_DURING_WRITE_MODE_MIXED_PORTS" = "OLD_DATA"
Info (12021): Found 1 design units, including 1 entities, in source file db/altsyncram_3cn1.tdf
    Info (12023): Found entity 1: altsyncram_3cn1 File: /home/struktured/projects/NES_MiSTer-winner/db/altsyncram_3cn1.tdf Line: 28
Info (12128): Elaborating entity "altsyncram_3cn1" for hierarchy "ascal:ascal|altsyncram:o_line0[0].r[7]__2|altsyncram_3cn1:auto_generated" File: /home/struktured/intelFPGA_lite/23.1std/quartus/libraries/megafunctions/altsyncram.tdf Line: 792
Info (12128): Elaborating entity "altsyncram" for hierarchy "ascal:ascal|altsyncram:o_linf0[0].r[7]__6"
Info (12130): Elaborated megafunction instantiation "ascal:ascal|altsyncram:o_linf0[0].r[7]__6"
Info (12133): Instantiated megafunction "ascal:ascal|altsyncram:o_linf0[0].r[7]__6" with the following parameter:
    Info (12134): Parameter "OPERATION_MODE" = "DUAL_PORT"
    Info (12134): Parameter "WIDTH_A" = "24"
    Info (12134): Parameter "WIDTHAD_A" = "8"
    Info (12134): Parameter "NUMWORDS_A" = "256"
    Info (12134): Parameter "WIDTH_B" = "24"
    Info (12134): Parameter "WIDTHAD_B" = "8"
    Info (12134): Parameter "NUMWORDS_B" = "256"
    Info (12134): Parameter "ADDRESS_ACLR_A" = "NONE"
    Info (12134): Parameter "OUTDATA_REG_B" = "UNREGISTERED"
    Info (12134): Parameter "ADDRESS_ACLR_B" = "NONE"
    Info (12134): Parameter "OUTDATA_ACLR_B" = "NONE"
    Info (12134): Parameter "ADDRESS_REG_B" = "CLOCK0"
    Info (12134): Parameter "INDATA_ACLR_A" = "NONE"
    Info (12134): Parameter "WRCONTROL_ACLR_A" = "NONE"
    Info (12134): Parameter "READ_DURING_WRITE_MODE_MIXED_PORTS" = "OLD_DATA"
Info (12021): Found 1 design units, including 1 entities, in source file db/altsyncram_d6n1.tdf
    Info (12023): Found entity 1: altsyncram_d6n1 File: /home/struktured/projects/NES_MiSTer-winner/db/altsyncram_d6n1.tdf Line: 28
Info (12128): Elaborating entity "altsyncram_d6n1" for hierarchy "ascal:ascal|altsyncram:o_linf0[0].r[7]__6|altsyncram_d6n1:auto_generated" File: /home/struktured/intelFPGA_lite/23.1std/quartus/libraries/megafunctions/altsyncram.tdf Line: 792
Info (12128): Elaborating entity "sys_umuldiv" for hierarchy "sys_umuldiv:ar_muldiv" File: /home/struktured/projects/NES_MiSTer-winner/sys/sys_top.v Line: 890
Info (12128): Elaborating entity "sys_umul" for hierarchy "sys_umuldiv:ar_muldiv|sys_umul:umul" File: /home/struktured/projects/NES_MiSTer-winner/sys/math.sv Line: 105
Info (12128): Elaborating entity "sys_udiv" for hierarchy "sys_umuldiv:ar_muldiv|sys_udiv:udiv" File: /home/struktured/projects/NES_MiSTer-winner/sys/math.sv Line: 107
Info (12128): Elaborating entity "pll_hdmi_adj" for hierarchy "pll_hdmi_adj:pll_hdmi_adj" File: /home/struktured/projects/NES_MiSTer-winner/sys/sys_top.v Line: 1015
Info (12128): Elaborating entity "pll_hdmi" for hierarchy "pll_hdmi:pll_hdmi" File: /home/struktured/projects/NES_MiSTer-winner/sys/sys_top.v Line: 1049
Info (12128): Elaborating entity "pll_hdmi_0002" for hierarchy "pll_hdmi:pll_hdmi|pll_hdmi_0002:pll_hdmi_inst" File: /home/struktured/projects/NES_MiSTer-winner/sys/pll_hdmi.v Line: 23
Info (12128): Elaborating entity "altera_pll" for hierarchy "pll_hdmi:pll_hdmi|pll_hdmi_0002:pll_hdmi_inst|altera_pll:altera_pll_i" File: /home/struktured/projects/NES_MiSTer-winner/sys/pll_hdmi/pll_hdmi_0002.v Line: 239
Info (10008): Verilog HDL or VHDL information: EDA Netlist Writer cannot regroup multidimensional array "wire_to_nowhere_64" into its bus
Info (12130): Elaborated megafunction instantiation "pll_hdmi:pll_hdmi|pll_hdmi_0002:pll_hdmi_inst|altera_pll:altera_pll_i" File: /home/struktured/projects/NES_MiSTer-winner/sys/pll_hdmi/pll_hdmi_0002.v Line: 239
Info (12133): Instantiated megafunction "pll_hdmi:pll_hdmi|pll_hdmi_0002:pll_hdmi_inst|altera_pll:altera_pll_i" with the following parameter: File: /home/struktured/projects/NES_MiSTer-winner/sys/pll_hdmi/pll_hdmi_0002.v Line: 239
    Info (12134): Parameter "fractional_vco_multiplier" = "true"
    Info (12134): Parameter "reference_clock_frequency" = "50.0 MHz"
    Info (12134): Parameter "pll_fractional_cout" = "32"
    Info (12134): Parameter "pll_dsm_out_sel" = "1st_order"
    Info (12134): Parameter "operation_mode" = "direct"
    Info (12134): Parameter "number_of_clocks" = "1"
    Info (12134): Parameter "output_clock_frequency0" = "148.500000 MHz"
    Info (12134): Parameter "phase_shift0" = "0 ps"
    Info (12134): Parameter "duty_cycle0" = "50"
    Info (12134): Parameter "output_clock_frequency1" = "0 MHz"
    Info (12134): Parameter "phase_shift1" = "0 ps"
    Info (12134): Parameter "duty_cycle1" = "50"
    Info (12134): Parameter "output_clock_frequency2" = "0 MHz"
    Info (12134): Parameter "phase_shift2" = "0 ps"
    Info (12134): Parameter "duty_cycle2" = "50"
    Info (12134): Parameter "output_clock_frequency3" = "0 MHz"
    Info (12134): Parameter "phase_shift3" = "0 ps"
    Info (12134): Parameter "duty_cycle3" = "50"
    Info (12134): Parameter "output_clock_frequency4" = "0 MHz"
    Info (12134): Parameter "phase_shift4" = "0 ps"
    Info (12134): Parameter "duty_cycle4" = "50"
    Info (12134): Parameter "output_clock_frequency5" = "0 MHz"
    Info (12134): Parameter "phase_shift5" = "0 ps"
    Info (12134): Parameter "duty_cycle5" = "50"
    Info (12134): Parameter "output_clock_frequency6" = "0 MHz"
    Info (12134): Parameter "phase_shift6" = "0 ps"
    Info (12134): Parameter "duty_cycle6" = "50"
    Info (12134): Parameter "output_clock_frequency7" = "0 MHz"
    Info (12134): Parameter "phase_shift7" = "0 ps"
    Info (12134): Parameter "duty_cycle7" = "50"
    Info (12134): Parameter "output_clock_frequency8" = "0 MHz"
    Info (12134): Parameter "phase_shift8" = "0 ps"
    Info (12134): Parameter "duty_cycle8" = "50"
    Info (12134): Parameter "output_clock_frequency9" = "0 MHz"
    Info (12134): Parameter "phase_shift9" = "0 ps"
    Info (12134): Parameter "duty_cycle9" = "50"
    Info (12134): Parameter "output_clock_frequency10" = "0 MHz"
    Info (12134): Parameter "phase_shift10" = "0 ps"
    Info (12134): Parameter "duty_cycle10" = "50"
    Info (12134): Parameter "output_clock_frequency11" = "0 MHz"
    Info (12134): Parameter "phase_shift11" = "0 ps"
    Info (12134): Parameter "duty_cycle11" = "50"
    Info (12134): Parameter "output_clock_frequency12" = "0 MHz"
    Info (12134): Parameter "phase_shift12" = "0 ps"
    Info (12134): Parameter "duty_cycle12" = "50"
    Info (12134): Parameter "output_clock_frequency13" = "0 MHz"
    Info (12134): Parameter "phase_shift13" = "0 ps"
    Info (12134): Parameter "duty_cycle13" = "50"
    Info (12134): Parameter "output_clock_frequency14" = "0 MHz"
    Info (12134): Parameter "phase_shift14" = "0 ps"
    Info (12134): Parameter "duty_cycle14" = "50"
    Info (12134): Parameter "output_clock_frequency15" = "0 MHz"
    Info (12134): Parameter "phase_shift15" = "0 ps"
    Info (12134): Parameter "duty_cycle15" = "50"
    Info (12134): Parameter "output_clock_frequency16" = "0 MHz"
    Info (12134): Parameter "phase_shift16" = "0 ps"
    Info (12134): Parameter "duty_cycle16" = "50"
    Info (12134): Parameter "output_clock_frequency17" = "0 MHz"
    Info (12134): Parameter "phase_shift17" = "0 ps"
    Info (12134): Parameter "duty_cycle17" = "50"
    Info (12134): Parameter "pll_type" = "Cyclone V"
    Info (12134): Parameter "pll_subtype" = "Reconfigurable"
    Info (12134): Parameter "m_cnt_hi_div" = "4"
    Info (12134): Parameter "m_cnt_lo_div" = "4"
    Info (12134): Parameter "n_cnt_hi_div" = "256"
    Info (12134): Parameter "n_cnt_lo_div" = "256"
    Info (12134): Parameter "m_cnt_bypass_en" = "false"
    Info (12134): Parameter "n_cnt_bypass_en" = "true"
    Info (12134): Parameter "m_cnt_odd_div_duty_en" = "false"
    Info (12134): Parameter "n_cnt_odd_div_duty_en" = "false"
    Info (12134): Parameter "c_cnt_hi_div0" = "2"
    Info (12134): Parameter "c_cnt_lo_div0" = "1"
    Info (12134): Parameter "c_cnt_prst0" = "1"
    Info (12134): Parameter "c_cnt_ph_mux_prst0" = "0"
    Info (12134): Parameter "c_cnt_in_src0" = "ph_mux_clk"
    Info (12134): Parameter "c_cnt_bypass_en0" = "false"
    Info (12134): Parameter "c_cnt_odd_div_duty_en0" = "true"
    Info (12134): Parameter "c_cnt_hi_div1" = "1"
    Info (12134): Parameter "c_cnt_lo_div1" = "1"
    Info (12134): Parameter "c_cnt_prst1" = "1"
    Info (12134): Parameter "c_cnt_ph_mux_prst1" = "0"
    Info (12134): Parameter "c_cnt_in_src1" = "ph_mux_clk"
    Info (12134): Parameter "c_cnt_bypass_en1" = "true"
    Info (12134): Parameter "c_cnt_odd_div_duty_en1" = "false"
    Info (12134): Parameter "c_cnt_hi_div2" = "1"
    Info (12134): Parameter "c_cnt_lo_div2" = "1"
    Info (12134): Parameter "c_cnt_prst2" = "1"
    Info (12134): Parameter "c_cnt_ph_mux_prst2" = "0"
    Info (12134): Parameter "c_cnt_in_src2" = "ph_mux_clk"
    Info (12134): Parameter "c_cnt_bypass_en2" = "true"
    Info (12134): Parameter "c_cnt_odd_div_duty_en2" = "false"
    Info (12134): Parameter "c_cnt_hi_div3" = "1"
    Info (12134): Parameter "c_cnt_lo_div3" = "1"
    Info (12134): Parameter "c_cnt_prst3" = "1"
    Info (12134): Parameter "c_cnt_ph_mux_prst3" = "0"
    Info (12134): Parameter "c_cnt_in_src3" = "ph_mux_clk"
    Info (12134): Parameter "c_cnt_bypass_en3" = "true"
    Info (12134): Parameter "c_cnt_odd_div_duty_en3" = "false"
    Info (12134): Parameter "c_cnt_hi_div4" = "1"
    Info (12134): Parameter "c_cnt_lo_div4" = "1"
    Info (12134): Parameter "c_cnt_prst4" = "1"
    Info (12134): Parameter "c_cnt_ph_mux_prst4" = "0"
    Info (12134): Parameter "c_cnt_in_src4" = "ph_mux_clk"
    Info (12134): Parameter "c_cnt_bypass_en4" = "true"
    Info (12134): Parameter "c_cnt_odd_div_duty_en4" = "false"
    Info (12134): Parameter "c_cnt_hi_div5" = "1"
    Info (12134): Parameter "c_cnt_lo_div5" = "1"
    Info (12134): Parameter "c_cnt_prst5" = "1"
    Info (12134): Parameter "c_cnt_ph_mux_prst5" = "0"
    Info (12134): Parameter "c_cnt_in_src5" = "ph_mux_clk"
    Info (12134): Parameter "c_cnt_bypass_en5" = "true"
    Info (12134): Parameter "c_cnt_odd_div_duty_en5" = "false"
    Info (12134): Parameter "c_cnt_hi_div6" = "1"
    Info (12134): Parameter "c_cnt_lo_div6" = "1"
    Info (12134): Parameter "c_cnt_prst6" = "1"
    Info (12134): Parameter "c_cnt_ph_mux_prst6" = "0"
    Info (12134): Parameter "c_cnt_in_src6" = "ph_mux_clk"
    Info (12134): Parameter "c_cnt_bypass_en6" = "true"
    Info (12134): Parameter "c_cnt_odd_div_duty_en6" = "false"
    Info (12134): Parameter "c_cnt_hi_div7" = "1"
    Info (12134): Parameter "c_cnt_lo_div7" = "1"
    Info (12134): Parameter "c_cnt_prst7" = "1"
    Info (12134): Parameter "c_cnt_ph_mux_prst7" = "0"
    Info (12134): Parameter "c_cnt_in_src7" = "ph_mux_clk"
    Info (12134): Parameter "c_cnt_bypass_en7" = "true"
    Info (12134): Parameter "c_cnt_odd_div_duty_en7" = "false"
    Info (12134): Parameter "c_cnt_hi_div8" = "1"
    Info (12134): Parameter "c_cnt_lo_div8" = "1"
    Info (12134): Parameter "c_cnt_prst8" = "1"
    Info (12134): Parameter "c_cnt_ph_mux_prst8" = "0"
    Info (12134): Parameter "c_cnt_in_src8" = "ph_mux_clk"
    Info (12134): Parameter "c_cnt_bypass_en8" = "true"
    Info (12134): Parameter "c_cnt_odd_div_duty_en8" = "false"
    Info (12134): Parameter "c_cnt_hi_div9" = "1"
    Info (12134): Parameter "c_cnt_lo_div9" = "1"
    Info (12134): Parameter "c_cnt_prst9" = "1"
    Info (12134): Parameter "c_cnt_ph_mux_prst9" = "0"
    Info (12134): Parameter "c_cnt_in_src9" = "ph_mux_clk"
    Info (12134): Parameter "c_cnt_bypass_en9" = "true"
    Info (12134): Parameter "c_cnt_odd_div_duty_en9" = "false"
    Info (12134): Parameter "c_cnt_hi_div10" = "1"
    Info (12134): Parameter "c_cnt_lo_div10" = "1"
    Info (12134): Parameter "c_cnt_prst10" = "1"
    Info (12134): Parameter "c_cnt_ph_mux_prst10" = "0"
    Info (12134): Parameter "c_cnt_in_src10" = "ph_mux_clk"
    Info (12134): Parameter "c_cnt_bypass_en10" = "true"
    Info (12134): Parameter "c_cnt_odd_div_duty_en10" = "false"
    Info (12134): Parameter "c_cnt_hi_div11" = "1"
    Info (12134): Parameter "c_cnt_lo_div11" = "1"
    Info (12134): Parameter "c_cnt_prst11" = "1"
    Info (12134): Parameter "c_cnt_ph_mux_prst11" = "0"
    Info (12134): Parameter "c_cnt_in_src11" = "ph_mux_clk"
    Info (12134): Parameter "c_cnt_bypass_en11" = "true"
    Info (12134): Parameter "c_cnt_odd_div_duty_en11" = "false"
    Info (12134): Parameter "c_cnt_hi_div12" = "1"
    Info (12134): Parameter "c_cnt_lo_div12" = "1"
    Info (12134): Parameter "c_cnt_prst12" = "1"
    Info (12134): Parameter "c_cnt_ph_mux_prst12" = "0"
    Info (12134): Parameter "c_cnt_in_src12" = "ph_mux_clk"
    Info (12134): Parameter "c_cnt_bypass_en12" = "true"
    Info (12134): Parameter "c_cnt_odd_div_duty_en12" = "false"
    Info (12134): Parameter "c_cnt_hi_div13" = "1"
    Info (12134): Parameter "c_cnt_lo_div13" = "1"
    Info (12134): Parameter "c_cnt_prst13" = "1"
    Info (12134): Parameter "c_cnt_ph_mux_prst13" = "0"
    Info (12134): Parameter "c_cnt_in_src13" = "ph_mux_clk"
    Info (12134): Parameter "c_cnt_bypass_en13" = "true"
    Info (12134): Parameter "c_cnt_odd_div_duty_en13" = "false"
    Info (12134): Parameter "c_cnt_hi_div14" = "1"
    Info (12134): Parameter "c_cnt_lo_div14" = "1"
    Info (12134): Parameter "c_cnt_prst14" = "1"
    Info (12134): Parameter "c_cnt_ph_mux_prst14" = "0"
    Info (12134): Parameter "c_cnt_in_src14" = "ph_mux_clk"
    Info (12134): Parameter "c_cnt_bypass_en14" = "true"
    Info (12134): Parameter "c_cnt_odd_div_duty_en14" = "false"
    Info (12134): Parameter "c_cnt_hi_div15" = "1"
    Info (12134): Parameter "c_cnt_lo_div15" = "1"
    Info (12134): Parameter "c_cnt_prst15" = "1"
    Info (12134): Parameter "c_cnt_ph_mux_prst15" = "0"
    Info (12134): Parameter "c_cnt_in_src15" = "ph_mux_clk"
    Info (12134): Parameter "c_cnt_bypass_en15" = "true"
    Info (12134): Parameter "c_cnt_odd_div_duty_en15" = "false"
    Info (12134): Parameter "c_cnt_hi_div16" = "1"
    Info (12134): Parameter "c_cnt_lo_div16" = "1"
    Info (12134): Parameter "c_cnt_prst16" = "1"
    Info (12134): Parameter "c_cnt_ph_mux_prst16" = "0"
    Info (12134): Parameter "c_cnt_in_src16" = "ph_mux_clk"
    Info (12134): Parameter "c_cnt_bypass_en16" = "true"
    Info (12134): Parameter "c_cnt_odd_div_duty_en16" = "false"
    Info (12134): Parameter "c_cnt_hi_div17" = "1"
    Info (12134): Parameter "c_cnt_lo_div17" = "1"
    Info (12134): Parameter "c_cnt_prst17" = "1"
    Info (12134): Parameter "c_cnt_ph_mux_prst17" = "0"
    Info (12134): Parameter "c_cnt_in_src17" = "ph_mux_clk"
    Info (12134): Parameter "c_cnt_bypass_en17" = "true"
    Info (12134): Parameter "c_cnt_odd_div_duty_en17" = "false"
    Info (12134): Parameter "pll_vco_div" = "2"
    Info (12134): Parameter "pll_cp_current" = "20"
    Info (12134): Parameter "pll_bwctrl" = "4000"
    Info (12134): Parameter "pll_output_clk_frequency" = "445.499999 MHz"
    Info (12134): Parameter "pll_fractional_division" = "3908420153"
    Info (12134): Parameter "mimic_fbclk_type" = "none"
    Info (12134): Parameter "pll_fbclk_mux_1" = "glb"
    Info (12134): Parameter "pll_fbclk_mux_2" = "m_cnt"
    Info (12134): Parameter "pll_m_cnt_in_src" = "ph_mux_clk"
    Info (12134): Parameter "pll_slf_rst" = "true"
Info (12128): Elaborating entity "dps_extra_kick" for hierarchy "pll_hdmi:pll_hdmi|pll_hdmi_0002:pll_hdmi_inst|altera_pll:altera_pll_i|dps_extra_kick:dps_extra_inst" File: /home/struktured/intelFPGA_lite/23.1std/quartus/libraries/megafunctions/altera_pll.v Line: 769
Info (12131): Elaborated megafunction instantiation "pll_hdmi:pll_hdmi|pll_hdmi_0002:pll_hdmi_inst|altera_pll:altera_pll_i|dps_extra_kick:dps_extra_inst", which is child of megafunction instantiation "pll_hdmi:pll_hdmi|pll_hdmi_0002:pll_hdmi_inst|altera_pll:altera_pll_i" File: /home/struktured/intelFPGA_lite/23.1std/quartus/libraries/megafunctions/altera_pll.v Line: 769
Info (12128): Elaborating entity "dprio_init" for hierarchy "pll_hdmi:pll_hdmi|pll_hdmi_0002:pll_hdmi_inst|altera_pll:altera_pll_i|dprio_init:dprio_init_inst" File: /home/struktured/intelFPGA_lite/23.1std/quartus/libraries/megafunctions/altera_pll.v Line: 784
Info (12131): Elaborated megafunction instantiation "pll_hdmi:pll_hdmi|pll_hdmi_0002:pll_hdmi_inst|altera_pll:altera_pll_i|dprio_init:dprio_init_inst", which is child of megafunction instantiation "pll_hdmi:pll_hdmi|pll_hdmi_0002:pll_hdmi_inst|altera_pll:altera_pll_i" File: /home/struktured/intelFPGA_lite/23.1std/quartus/libraries/megafunctions/altera_pll.v Line: 784
Info (12128): Elaborating entity "altera_pll_dps_lcell_comb" for hierarchy "pll_hdmi:pll_hdmi|pll_hdmi_0002:pll_hdmi_inst|altera_pll:altera_pll_i|altera_pll_dps_lcell_comb:lcell_cntsel_int_0" File: /home/struktured/intelFPGA_lite/23.1std/quartus/libraries/megafunctions/altera_pll.v Line: 1961
Info (12131): Elaborated megafunction instantiation "pll_hdmi:pll_hdmi|pll_hdmi_0002:pll_hdmi_inst|altera_pll:altera_pll_i|altera_pll_dps_lcell_comb:lcell_cntsel_int_0", which is child of megafunction instantiation "pll_hdmi:pll_hdmi|pll_hdmi_0002:pll_hdmi_inst|altera_pll:altera_pll_i" File: /home/struktured/intelFPGA_lite/23.1std/quartus/libraries/megafunctions/altera_pll.v Line: 1961
Info (12128): Elaborating entity "altera_pll_dps_lcell_comb" for hierarchy "pll_hdmi:pll_hdmi|pll_hdmi_0002:pll_hdmi_inst|altera_pll:altera_pll_i|altera_pll_dps_lcell_comb:lcell_cntsel_int_1" File: /home/struktured/intelFPGA_lite/23.1std/quartus/libraries/megafunctions/altera_pll.v Line: 1972
Info (12131): Elaborated megafunction instantiation "pll_hdmi:pll_hdmi|pll_hdmi_0002:pll_hdmi_inst|altera_pll:altera_pll_i|altera_pll_dps_lcell_comb:lcell_cntsel_int_1", which is child of megafunction instantiation "pll_hdmi:pll_hdmi|pll_hdmi_0002:pll_hdmi_inst|altera_pll:altera_pll_i" File: /home/struktured/intelFPGA_lite/23.1std/quartus/libraries/megafunctions/altera_pll.v Line: 1972
Info (12128): Elaborating entity "altera_pll_dps_lcell_comb" for hierarchy "pll_hdmi:pll_hdmi|pll_hdmi_0002:pll_hdmi_inst|altera_pll:altera_pll_i|altera_pll_dps_lcell_comb:lcell_cntsel_int_2" File: /home/struktured/intelFPGA_lite/23.1std/quartus/libraries/megafunctions/altera_pll.v Line: 1983
Info (12131): Elaborated megafunction instantiation "pll_hdmi:pll_hdmi|pll_hdmi_0002:pll_hdmi_inst|altera_pll:altera_pll_i|altera_pll_dps_lcell_comb:lcell_cntsel_int_2", which is child of megafunction instantiation "pll_hdmi:pll_hdmi|pll_hdmi_0002:pll_hdmi_inst|altera_pll:altera_pll_i" File: /home/struktured/intelFPGA_lite/23.1std/quartus/libraries/megafunctions/altera_pll.v Line: 1983
Info (12128): Elaborating entity "altera_pll_dps_lcell_comb" for hierarchy "pll_hdmi:pll_hdmi|pll_hdmi_0002:pll_hdmi_inst|altera_pll:altera_pll_i|altera_pll_dps_lcell_comb:lcell_cntsel_int_3" File: /home/struktured/intelFPGA_lite/23.1std/quartus/libraries/megafunctions/altera_pll.v Line: 1994
Info (12131): Elaborated megafunction instantiation "pll_hdmi:pll_hdmi|pll_hdmi_0002:pll_hdmi_inst|altera_pll:altera_pll_i|altera_pll_dps_lcell_comb:lcell_cntsel_int_3", which is child of megafunction instantiation "pll_hdmi:pll_hdmi|pll_hdmi_0002:pll_hdmi_inst|altera_pll:altera_pll_i" File: /home/struktured/intelFPGA_lite/23.1std/quartus/libraries/megafunctions/altera_pll.v Line: 1994
Info (12128): Elaborating entity "altera_pll_dps_lcell_comb" for hierarchy "pll_hdmi:pll_hdmi|pll_hdmi_0002:pll_hdmi_inst|altera_pll:altera_pll_i|altera_pll_dps_lcell_comb:lcell_cntsel_int_4" File: /home/struktured/intelFPGA_lite/23.1std/quartus/libraries/megafunctions/altera_pll.v Line: 2005
Info (12131): Elaborated megafunction instantiation "pll_hdmi:pll_hdmi|pll_hdmi_0002:pll_hdmi_inst|altera_pll:altera_pll_i|altera_pll_dps_lcell_comb:lcell_cntsel_int_4", which is child of megafunction instantiation "pll_hdmi:pll_hdmi|pll_hdmi_0002:pll_hdmi_inst|altera_pll:altera_pll_i" File: /home/struktured/intelFPGA_lite/23.1std/quartus/libraries/megafunctions/altera_pll.v Line: 2005
Info (12128): Elaborating entity "altera_cyclonev_pll" for hierarchy "pll_hdmi:pll_hdmi|pll_hdmi_0002:pll_hdmi_inst|altera_pll:altera_pll_i|altera_cyclonev_pll:cyclonev_pll" File: /home/struktured/intelFPGA_lite/23.1std/quartus/libraries/megafunctions/altera_pll.v Line: 2224
Info (12131): Elaborated megafunction instantiation "pll_hdmi:pll_hdmi|pll_hdmi_0002:pll_hdmi_inst|altera_pll:altera_pll_i|altera_cyclonev_pll:cyclonev_pll", which is child of megafunction instantiation "pll_hdmi:pll_hdmi|pll_hdmi_0002:pll_hdmi_inst|altera_pll:altera_pll_i" File: /home/struktured/intelFPGA_lite/23.1std/quartus/libraries/megafunctions/altera_pll.v Line: 2224
Info (12128): Elaborating entity "altera_cyclonev_pll_base" for hierarchy "pll_hdmi:pll_hdmi|pll_hdmi_0002:pll_hdmi_inst|altera_pll:altera_pll_i|altera_cyclonev_pll:cyclonev_pll|altera_cyclonev_pll_base:fpll_0" File: /home/struktured/intelFPGA_lite/23.1std/quartus/libraries/megafunctions/altera_cyclonev_pll.v Line: 1153
Info (12131): Elaborated megafunction instantiation "pll_hdmi:pll_hdmi|pll_hdmi_0002:pll_hdmi_inst|altera_pll:altera_pll_i|altera_cyclonev_pll:cyclonev_pll|altera_cyclonev_pll_base:fpll_0", which is child of megafunction instantiation "pll_hdmi:pll_hdmi|pll_hdmi_0002:pll_hdmi_inst|altera_pll:altera_pll_i" File: /home/struktured/intelFPGA_lite/23.1std/quartus/libraries/megafunctions/altera_cyclonev_pll.v Line: 1153
Info (12128): Elaborating entity "pll_cfg_hdmi" for hierarchy "pll_cfg_hdmi:pll_cfg_hdmi" File: /home/struktured/projects/NES_MiSTer-winner/sys/sys_top.v Line: 1084
Info (12128): Elaborating entity "altera_std_synchronizer" for hierarchy "pll_cfg_hdmi:pll_cfg_hdmi|altera_std_synchronizer:altera_std_synchronizer_inst" File: /home/struktured/projects/NES_MiSTer-winner/sys/pll_cfg/pll_cfg_hdmi.v Line: 271
Info (12130): Elaborated megafunction instantiation "pll_cfg_hdmi:pll_cfg_hdmi|altera_std_synchronizer:altera_std_synchronizer_inst" File: /home/struktured/projects/NES_MiSTer-winner/sys/pll_cfg/pll_cfg_hdmi.v Line: 271
Info (12133): Instantiated megafunction "pll_cfg_hdmi:pll_cfg_hdmi|altera_std_synchronizer:altera_std_synchronizer_inst" with the following parameter: File: /home/struktured/projects/NES_MiSTer-winner/sys/pll_cfg/pll_cfg_hdmi.v Line: 271
    Info (12134): Parameter "depth" = "3"
Info (12128): Elaborating entity "dyn_phase_shift" for hierarchy "pll_cfg_hdmi:pll_cfg_hdmi|dyn_phase_shift:dyn_phase_shift_inst" File: /home/struktured/projects/NES_MiSTer-winner/sys/pll_cfg/pll_cfg_hdmi.v Line: 1169
Info (12128): Elaborating entity "generic_lcell_comb" for hierarchy "pll_cfg_hdmi:pll_cfg_hdmi|dyn_phase_shift:dyn_phase_shift_inst|generic_lcell_comb:lcell_cnt_sel_0" File: /home/struktured/projects/NES_MiSTer-winner/sys/pll_cfg/altera_pll_reconfig_core.v Line: 2060
Info (12128): Elaborating entity "generic_lcell_comb" for hierarchy "pll_cfg_hdmi:pll_cfg_hdmi|dyn_phase_shift:dyn_phase_shift_inst|generic_lcell_comb:lcell_cnt_sel_1" File: /home/struktured/projects/NES_MiSTer-winner/sys/pll_cfg/altera_pll_reconfig_core.v Line: 2071
Info (12128): Elaborating entity "generic_lcell_comb" for hierarchy "pll_cfg_hdmi:pll_cfg_hdmi|dyn_phase_shift:dyn_phase_shift_inst|generic_lcell_comb:lcell_cnt_sel_2" File: /home/struktured/projects/NES_MiSTer-winner/sys/pll_cfg/altera_pll_reconfig_core.v Line: 2082
Info (12128): Elaborating entity "generic_lcell_comb" for hierarchy "pll_cfg_hdmi:pll_cfg_hdmi|dyn_phase_shift:dyn_phase_shift_inst|generic_lcell_comb:lcell_cnt_sel_3" File: /home/struktured/projects/NES_MiSTer-winner/sys/pll_cfg/altera_pll_reconfig_core.v Line: 2093
Info (12128): Elaborating entity "generic_lcell_comb" for hierarchy "pll_cfg_hdmi:pll_cfg_hdmi|dyn_phase_shift:dyn_phase_shift_inst|generic_lcell_comb:lcell_cnt_sel_4" File: /home/struktured/projects/NES_MiSTer-winner/sys/pll_cfg/altera_pll_reconfig_core.v Line: 2104
Info (12128): Elaborating entity "self_reset" for hierarchy "pll_cfg_hdmi:pll_cfg_hdmi|self_reset:self_reset_inst" File: /home/struktured/projects/NES_MiSTer-winner/sys/pll_cfg/pll_cfg_hdmi.v Line: 1173
Info (12128): Elaborating entity "dprio_mux" for hierarchy "pll_cfg_hdmi:pll_cfg_hdmi|dprio_mux:dprio_mux_inst" File: /home/struktured/projects/NES_MiSTer-winner/sys/pll_cfg/pll_cfg_hdmi.v Line: 1211
Info (12128): Elaborating entity "fpll_dprio_init" for hierarchy "pll_cfg_hdmi:pll_cfg_hdmi|fpll_dprio_init:fpll_dprio_init_inst" File: /home/struktured/projects/NES_MiSTer-winner/sys/pll_cfg/pll_cfg_hdmi.v Line: 1230
Info (12128): Elaborating entity "shadowmask" for hierarchy "shadowmask:HDMI_shadowmask" File: /home/struktured/projects/NES_MiSTer-winner/sys/sys_top.v Line: 1178
Info (12128): Elaborating entity "osd" for hierarchy "osd:hdmi_osd" File: /home/struktured/projects/NES_MiSTer-winner/sys/sys_top.v Line: 1201
Info (12128): Elaborating entity "csync" for hierarchy "csync:csync_hdmi" File: /home/struktured/projects/NES_MiSTer-winner/sys/sys_top.v Line: 1204
Info (12128): Elaborating entity "altddio_out" for hierarchy "altddio_out:hdmiclk_ddr" File: /home/struktured/projects/NES_MiSTer-winner/sys/sys_top.v Line: 1297
Info (12130): Elaborated megafunction instantiation "altddio_out:hdmiclk_ddr" File: /home/struktured/projects/NES_MiSTer-winner/sys/sys_top.v Line: 1297
Info (12133): Instantiated megafunction "altddio_out:hdmiclk_ddr" with the following parameter: File: /home/struktured/projects/NES_MiSTer-winner/sys/sys_top.v Line: 1297
    Info (12134): Parameter "extend_oe_disable" = "OFF"
    Info (12134): Parameter "intended_device_family" = "Cyclone V"
    Info (12134): Parameter "invert_output" = "OFF"
    Info (12134): Parameter "lpm_hint" = "UNUSED"
    Info (12134): Parameter "lpm_type" = "altddio_out"
    Info (12134): Parameter "oe_reg" = "UNREGISTERED"
    Info (12134): Parameter "power_up_high" = "OFF"
    Info (12134): Parameter "width" = "1"
Info (12021): Found 1 design units, including 1 entities, in source file db/ddio_out_b2j.tdf
    Info (12023): Found entity 1: ddio_out_b2j File: /home/struktured/projects/NES_MiSTer-winner/db/ddio_out_b2j.tdf Line: 28
Info (12128): Elaborating entity "ddio_out_b2j" for hierarchy "altddio_out:hdmiclk_ddr|ddio_out_b2j:auto_generated" File: /home/struktured/intelFPGA_lite/23.1std/quartus/libraries/megafunctions/altddio_out.tdf Line: 101
Info (12128): Elaborating entity "altddio_out" for hierarchy "altddio_out:vgaclk_ddr" File: /home/struktured/projects/NES_MiSTer-winner/sys/sys_top.v Line: 1378
Info (12130): Elaborated megafunction instantiation "altddio_out:vgaclk_ddr" File: /home/struktured/projects/NES_MiSTer-winner/sys/sys_top.v Line: 1378
Info (12133): Instantiated megafunction "altddio_out:vgaclk_ddr" with the following parameter: File: /home/struktured/projects/NES_MiSTer-winner/sys/sys_top.v Line: 1378
    Info (12134): Parameter "extend_oe_disable" = "OFF"
    Info (12134): Parameter "intended_device_family" = "Cyclone V"
    Info (12134): Parameter "invert_output" = "OFF"
    Info (12134): Parameter "lpm_hint" = "UNUSED"
    Info (12134): Parameter "lpm_type" = "altddio_out"
    Info (12134): Parameter "oe_reg" = "UNREGISTERED"
    Info (12134): Parameter "power_up_high" = "OFF"
    Info (12134): Parameter "width" = "1"
Info (12021): Found 1 design units, including 1 entities, in source file db/ddio_out_1oj.tdf
    Info (12023): Found entity 1: ddio_out_1oj File: /home/struktured/projects/NES_MiSTer-winner/db/ddio_out_1oj.tdf Line: 30
Info (12128): Elaborating entity "ddio_out_1oj" for hierarchy "altddio_out:vgaclk_ddr|ddio_out_1oj:auto_generated" File: /home/struktured/intelFPGA_lite/23.1std/quartus/libraries/megafunctions/altddio_out.tdf Line: 101
Info (12128): Elaborating entity "scanlines" for hierarchy "scanlines:VGA_scanlines" File: /home/struktured/projects/NES_MiSTer-winner/sys/sys_top.v Line: 1399
Info (12128): Elaborating entity "yc_out" for hierarchy "yc_out:yc_out" File: /home/struktured/projects/NES_MiSTer-winner/sys/sys_top.v Line: 1452
Info (12128): Elaborating entity "vga_out" for hierarchy "vga_out:vga_scaler_out" File: /home/struktured/projects/NES_MiSTer-winner/sys/sys_top.v Line: 1487
Info (12128): Elaborating entity "pll_audio" for hierarchy "pll_audio:pll_audio" File: /home/struktured/projects/NES_MiSTer-winner/sys/sys_top.v Line: 1577
Info (12128): Elaborating entity "pll_audio_0002" for hierarchy "pll_audio:pll_audio|pll_audio_0002:pll_audio_inst" File: /home/struktured/projects/NES_MiSTer-winner/sys/pll_audio.v Line: 19
Info (12128): Elaborating entity "altera_pll" for hierarchy "pll_audio:pll_audio|pll_audio_0002:pll_audio_inst|altera_pll:altera_pll_i" File: /home/struktured/projects/NES_MiSTer-winner/sys/pll_audio/pll_audio_0002.v Line: 85
Info (10008): Verilog HDL or VHDL information: EDA Netlist Writer cannot regroup multidimensional array "wire_to_nowhere_64" into its bus
Info (12130): Elaborated megafunction instantiation "pll_audio:pll_audio|pll_audio_0002:pll_audio_inst|altera_pll:altera_pll_i" File: /home/struktured/projects/NES_MiSTer-winner/sys/pll_audio/pll_audio_0002.v Line: 85
Info (12133): Instantiated megafunction "pll_audio:pll_audio|pll_audio_0002:pll_audio_inst|altera_pll:altera_pll_i" with the following parameter: File: /home/struktured/projects/NES_MiSTer-winner/sys/pll_audio/pll_audio_0002.v Line: 85
    Info (12134): Parameter "fractional_vco_multiplier" = "true"
    Info (12134): Parameter "reference_clock_frequency" = "50.0 MHz"
    Info (12134): Parameter "operation_mode" = "direct"
    Info (12134): Parameter "number_of_clocks" = "1"
    Info (12134): Parameter "output_clock_frequency0" = "24.576000 MHz"
    Info (12134): Parameter "phase_shift0" = "0 ps"
    Info (12134): Parameter "duty_cycle0" = "50"
    Info (12134): Parameter "output_clock_frequency1" = "0 MHz"
    Info (12134): Parameter "phase_shift1" = "0 ps"
    Info (12134): Parameter "duty_cycle1" = "50"
    Info (12134): Parameter "output_clock_frequency2" = "0 MHz"
    Info (12134): Parameter "phase_shift2" = "0 ps"
    Info (12134): Parameter "duty_cycle2" = "50"
    Info (12134): Parameter "output_clock_frequency3" = "0 MHz"
    Info (12134): Parameter "phase_shift3" = "0 ps"
    Info (12134): Parameter "duty_cycle3" = "50"
    Info (12134): Parameter "output_clock_frequency4" = "0 MHz"
    Info (12134): Parameter "phase_shift4" = "0 ps"
    Info (12134): Parameter "duty_cycle4" = "50"
    Info (12134): Parameter "output_clock_frequency5" = "0 MHz"
    Info (12134): Parameter "phase_shift5" = "0 ps"
    Info (12134): Parameter "duty_cycle5" = "50"
    Info (12134): Parameter "output_clock_frequency6" = "0 MHz"
    Info (12134): Parameter "phase_shift6" = "0 ps"
    Info (12134): Parameter "duty_cycle6" = "50"
    Info (12134): Parameter "output_clock_frequency7" = "0 MHz"
    Info (12134): Parameter "phase_shift7" = "0 ps"
    Info (12134): Parameter "duty_cycle7" = "50"
    Info (12134): Parameter "output_clock_frequency8" = "0 MHz"
    Info (12134): Parameter "phase_shift8" = "0 ps"
    Info (12134): Parameter "duty_cycle8" = "50"
    Info (12134): Parameter "output_clock_frequency9" = "0 MHz"
    Info (12134): Parameter "phase_shift9" = "0 ps"
    Info (12134): Parameter "duty_cycle9" = "50"
    Info (12134): Parameter "output_clock_frequency10" = "0 MHz"
    Info (12134): Parameter "phase_shift10" = "0 ps"
    Info (12134): Parameter "duty_cycle10" = "50"
    Info (12134): Parameter "output_clock_frequency11" = "0 MHz"
    Info (12134): Parameter "phase_shift11" = "0 ps"
    Info (12134): Parameter "duty_cycle11" = "50"
    Info (12134): Parameter "output_clock_frequency12" = "0 MHz"
    Info (12134): Parameter "phase_shift12" = "0 ps"
    Info (12134): Parameter "duty_cycle12" = "50"
    Info (12134): Parameter "output_clock_frequency13" = "0 MHz"
    Info (12134): Parameter "phase_shift13" = "0 ps"
    Info (12134): Parameter "duty_cycle13" = "50"
    Info (12134): Parameter "output_clock_frequency14" = "0 MHz"
    Info (12134): Parameter "phase_shift14" = "0 ps"
    Info (12134): Parameter "duty_cycle14" = "50"
    Info (12134): Parameter "output_clock_frequency15" = "0 MHz"
    Info (12134): Parameter "phase_shift15" = "0 ps"
    Info (12134): Parameter "duty_cycle15" = "50"
    Info (12134): Parameter "output_clock_frequency16" = "0 MHz"
    Info (12134): Parameter "phase_shift16" = "0 ps"
    Info (12134): Parameter "duty_cycle16" = "50"
    Info (12134): Parameter "output_clock_frequency17" = "0 MHz"
    Info (12134): Parameter "phase_shift17" = "0 ps"
    Info (12134): Parameter "duty_cycle17" = "50"
    Info (12134): Parameter "pll_type" = "General"
    Info (12134): Parameter "pll_subtype" = "General"
Info (12128): Elaborating entity "audio_out" for hierarchy "audio_out:audio_out" File: /home/struktured/projects/NES_MiSTer-winner/sys/sys_top.v Line: 1616
Info (12128): Elaborating entity "i2s" for hierarchy "audio_out:audio_out|i2s:i2s" File: /home/struktured/projects/NES_MiSTer-winner/sys/audio_out.sv Line: 109
Info (12128): Elaborating entity "spdif" for hierarchy "audio_out:audio_out|spdif:toslink" File: /home/struktured/projects/NES_MiSTer-winner/sys/audio_out.sv Line: 120
Info (12128): Elaborating entity "sigma_delta_dac" for hierarchy "audio_out:audio_out|sigma_delta_dac:sd_l" File: /home/struktured/projects/NES_MiSTer-winner/sys/audio_out.sv Line: 128
Info (12128): Elaborating entity "IIR_filter" for hierarchy "audio_out:audio_out|IIR_filter:IIR_filter" File: /home/struktured/projects/NES_MiSTer-winner/sys/audio_out.sv Line: 221
Info (12128): Elaborating entity "iir_filter_tap" for hierarchy "audio_out:audio_out|IIR_filter:IIR_filter|iir_filter_tap:iir_tap_0" File: /home/struktured/projects/NES_MiSTer-winner/sys/iir_filter.v Line: 82
Info (12128): Elaborating entity "DC_blocker" for hierarchy "audio_out:audio_out|DC_blocker:dcb_l" File: /home/struktured/projects/NES_MiSTer-winner/sys/audio_out.sv Line: 232
Info (12128): Elaborating entity "aud_mix_top" for hierarchy "audio_out:audio_out|aud_mix_top:audmix_l" File: /home/struktured/projects/NES_MiSTer-winner/sys/audio_out.sv Line: 260
Info (12128): Elaborating entity "alsa" for hierarchy "alsa:alsa" File: /home/struktured/projects/NES_MiSTer-winner/sys/sys_top.v Line: 1656
Info (12128): Elaborating entity "sync_fix" for hierarchy "sync_fix:sync_v" File: /home/struktured/projects/NES_MiSTer-winner/sys/sys_top.v Line: 1707
Info (12128): Elaborating entity "emu" for hierarchy "emu:emu" File: /home/struktured/projects/NES_MiSTer-winner/sys/sys_top.v Line: 1876
Info (12128): Elaborating entity "video_freak" for hierarchy "emu:emu|video_freak:video_freak" File: /home/struktured/projects/NES_MiSTer-winner/NES.sv Line: 51
Info (12128): Elaborating entity "video_scale_int" for hierarchy "emu:emu|video_freak:video_freak|video_scale_int:scale" File: /home/struktured/projects/NES_MiSTer-winner/sys/video_freak.sv Line: 136
Info (12128): Elaborating entity "hps_io" for hierarchy "emu:emu|hps_io:hps_io" File: /home/struktured/projects/NES_MiSTer-winner/NES.sv Line: 319
Info (10264): Verilog HDL Case Statement information at hps_io.sv(417): all case item expressions in this case statement are onehot File: /home/struktured/projects/NES_MiSTer-winner/sys/hps_io.sv Line: 417
Info (10264): Verilog HDL Case Statement information at hps_io.sv(446): all case item expressions in this case statement are onehot File: /home/struktured/projects/NES_MiSTer-winner/sys/hps_io.sv Line: 446
Info (12128): Elaborating entity "video_calc" for hierarchy "emu:emu|hps_io:hps_io|video_calc:video_calc" File: /home/struktured/projects/NES_MiSTer-winner/sys/hps_io.sv Line: 236
Info (12128): Elaborating entity "pll" for hierarchy "emu:emu|pll:pll" File: /home/struktured/projects/NES_MiSTer-winner/NES.sv Line: 340
Info (12128): Elaborating entity "pll_0002" for hierarchy "emu:emu|pll:pll|pll_0002:pll_inst" File: /home/struktured/projects/NES_MiSTer-winner/rtl/pll.v Line: 28
Info (12128): Elaborating entity "altera_pll" for hierarchy "emu:emu|pll:pll|pll_0002:pll_inst|altera_pll:altera_pll_i" File: /home/struktured/projects/NES_MiSTer-winner/rtl/pll/pll_0002.v Line: 245
Info (10008): Verilog HDL or VHDL information: EDA Netlist Writer cannot regroup multidimensional array "wire_to_nowhere_64" into its bus
Info (12130): Elaborated megafunction instantiation "emu:emu|pll:pll|pll_0002:pll_inst|altera_pll:altera_pll_i" File: /home/struktured/projects/NES_MiSTer-winner/rtl/pll/pll_0002.v Line: 245
Info (12133): Instantiated megafunction "emu:emu|pll:pll|pll_0002:pll_inst|altera_pll:altera_pll_i" with the following parameter: File: /home/struktured/projects/NES_MiSTer-winner/rtl/pll/pll_0002.v Line: 245
    Info (12134): Parameter "fractional_vco_multiplier" = "true"
    Info (12134): Parameter "reference_clock_frequency" = "50.0 MHz"
    Info (12134): Parameter "pll_fractional_cout" = "32"
    Info (12134): Parameter "pll_dsm_out_sel" = "1st_order"
    Info (12134): Parameter "operation_mode" = "direct"
    Info (12134): Parameter "number_of_clocks" = "3"
    Info (12134): Parameter "output_clock_frequency0" = "85.909088 MHz"
    Info (12134): Parameter "phase_shift0" = "0 ps"
    Info (12134): Parameter "duty_cycle0" = "50"
    Info (12134): Parameter "output_clock_frequency1" = "42.954544 MHz"
    Info (12134): Parameter "phase_shift1" = "0 ps"
    Info (12134): Parameter "duty_cycle1" = "50"
    Info (12134): Parameter "output_clock_frequency2" = "21.477272 MHz"
    Info (12134): Parameter "phase_shift2" = "0 ps"
    Info (12134): Parameter "duty_cycle2" = "50"
    Info (12134): Parameter "output_clock_frequency3" = "0 MHz"
    Info (12134): Parameter "phase_shift3" = "0 ps"
    Info (12134): Parameter "duty_cycle3" = "50"
    Info (12134): Parameter "output_clock_frequency4" = "0 MHz"
    Info (12134): Parameter "phase_shift4" = "0 ps"
    Info (12134): Parameter "duty_cycle4" = "50"
    Info (12134): Parameter "output_clock_frequency5" = "0 MHz"
    Info (12134): Parameter "phase_shift5" = "0 ps"
    Info (12134): Parameter "duty_cycle5" = "50"
    Info (12134): Parameter "output_clock_frequency6" = "0 MHz"
    Info (12134): Parameter "phase_shift6" = "0 ps"
    Info (12134): Parameter "duty_cycle6" = "50"
    Info (12134): Parameter "output_clock_frequency7" = "0 MHz"
    Info (12134): Parameter "phase_shift7" = "0 ps"
    Info (12134): Parameter "duty_cycle7" = "50"
    Info (12134): Parameter "output_clock_frequency8" = "0 MHz"
    Info (12134): Parameter "phase_shift8" = "0 ps"
    Info (12134): Parameter "duty_cycle8" = "50"
    Info (12134): Parameter "output_clock_frequency9" = "0 MHz"
    Info (12134): Parameter "phase_shift9" = "0 ps"
    Info (12134): Parameter "duty_cycle9" = "50"
    Info (12134): Parameter "output_clock_frequency10" = "0 MHz"
    Info (12134): Parameter "phase_shift10" = "0 ps"
    Info (12134): Parameter "duty_cycle10" = "50"
    Info (12134): Parameter "output_clock_frequency11" = "0 MHz"
    Info (12134): Parameter "phase_shift11" = "0 ps"
    Info (12134): Parameter "duty_cycle11" = "50"
    Info (12134): Parameter "output_clock_frequency12" = "0 MHz"
    Info (12134): Parameter "phase_shift12" = "0 ps"
    Info (12134): Parameter "duty_cycle12" = "50"
    Info (12134): Parameter "output_clock_frequency13" = "0 MHz"
    Info (12134): Parameter "phase_shift13" = "0 ps"
    Info (12134): Parameter "duty_cycle13" = "50"
    Info (12134): Parameter "output_clock_frequency14" = "0 MHz"
    Info (12134): Parameter "phase_shift14" = "0 ps"
    Info (12134): Parameter "duty_cycle14" = "50"
    Info (12134): Parameter "output_clock_frequency15" = "0 MHz"
    Info (12134): Parameter "phase_shift15" = "0 ps"
    Info (12134): Parameter "duty_cycle15" = "50"
    Info (12134): Parameter "output_clock_frequency16" = "0 MHz"
    Info (12134): Parameter "phase_shift16" = "0 ps"
    Info (12134): Parameter "duty_cycle16" = "50"
    Info (12134): Parameter "output_clock_frequency17" = "0 MHz"
    Info (12134): Parameter "phase_shift17" = "0 ps"
    Info (12134): Parameter "duty_cycle17" = "50"
    Info (12134): Parameter "pll_type" = "Cyclone V"
    Info (12134): Parameter "pll_subtype" = "Reconfigurable"
    Info (12134): Parameter "m_cnt_hi_div" = "4"
    Info (12134): Parameter "m_cnt_lo_div" = "4"
    Info (12134): Parameter "n_cnt_hi_div" = "256"
    Info (12134): Parameter "n_cnt_lo_div" = "256"
    Info (12134): Parameter "m_cnt_bypass_en" = "false"
    Info (12134): Parameter "n_cnt_bypass_en" = "true"
    Info (12134): Parameter "m_cnt_odd_div_duty_en" = "false"
    Info (12134): Parameter "n_cnt_odd_div_duty_en" = "false"
    Info (12134): Parameter "c_cnt_hi_div0" = "3"
    Info (12134): Parameter "c_cnt_lo_div0" = "2"
    Info (12134): Parameter "c_cnt_prst0" = "1"
    Info (12134): Parameter "c_cnt_ph_mux_prst0" = "0"
    Info (12134): Parameter "c_cnt_in_src0" = "ph_mux_clk"
    Info (12134): Parameter "c_cnt_bypass_en0" = "false"
    Info (12134): Parameter "c_cnt_odd_div_duty_en0" = "true"
    Info (12134): Parameter "c_cnt_hi_div1" = "5"
    Info (12134): Parameter "c_cnt_lo_div1" = "5"
    Info (12134): Parameter "c_cnt_prst1" = "1"
    Info (12134): Parameter "c_cnt_ph_mux_prst1" = "0"
    Info (12134): Parameter "c_cnt_in_src1" = "ph_mux_clk"
    Info (12134): Parameter "c_cnt_bypass_en1" = "false"
    Info (12134): Parameter "c_cnt_odd_div_duty_en1" = "false"
    Info (12134): Parameter "c_cnt_hi_div2" = "10"
    Info (12134): Parameter "c_cnt_lo_div2" = "10"
    Info (12134): Parameter "c_cnt_prst2" = "1"
    Info (12134): Parameter "c_cnt_ph_mux_prst2" = "0"
    Info (12134): Parameter "c_cnt_in_src2" = "ph_mux_clk"
    Info (12134): Parameter "c_cnt_bypass_en2" = "false"
    Info (12134): Parameter "c_cnt_odd_div_duty_en2" = "false"
    Info (12134): Parameter "c_cnt_hi_div3" = "1"
    Info (12134): Parameter "c_cnt_lo_div3" = "1"
    Info (12134): Parameter "c_cnt_prst3" = "1"
    Info (12134): Parameter "c_cnt_ph_mux_prst3" = "0"
    Info (12134): Parameter "c_cnt_in_src3" = "ph_mux_clk"
    Info (12134): Parameter "c_cnt_bypass_en3" = "true"
    Info (12134): Parameter "c_cnt_odd_div_duty_en3" = "false"
    Info (12134): Parameter "c_cnt_hi_div4" = "1"
    Info (12134): Parameter "c_cnt_lo_div4" = "1"
    Info (12134): Parameter "c_cnt_prst4" = "1"
    Info (12134): Parameter "c_cnt_ph_mux_prst4" = "0"
    Info (12134): Parameter "c_cnt_in_src4" = "ph_mux_clk"
    Info (12134): Parameter "c_cnt_bypass_en4" = "true"
    Info (12134): Parameter "c_cnt_odd_div_duty_en4" = "false"
    Info (12134): Parameter "c_cnt_hi_div5" = "1"
    Info (12134): Parameter "c_cnt_lo_div5" = "1"
    Info (12134): Parameter "c_cnt_prst5" = "1"
    Info (12134): Parameter "c_cnt_ph_mux_prst5" = "0"
    Info (12134): Parameter "c_cnt_in_src5" = "ph_mux_clk"
    Info (12134): Parameter "c_cnt_bypass_en5" = "true"
    Info (12134): Parameter "c_cnt_odd_div_duty_en5" = "false"
    Info (12134): Parameter "c_cnt_hi_div6" = "1"
    Info (12134): Parameter "c_cnt_lo_div6" = "1"
    Info (12134): Parameter "c_cnt_prst6" = "1"
    Info (12134): Parameter "c_cnt_ph_mux_prst6" = "0"
    Info (12134): Parameter "c_cnt_in_src6" = "ph_mux_clk"
    Info (12134): Parameter "c_cnt_bypass_en6" = "true"
    Info (12134): Parameter "c_cnt_odd_div_duty_en6" = "false"
    Info (12134): Parameter "c_cnt_hi_div7" = "1"
    Info (12134): Parameter "c_cnt_lo_div7" = "1"
    Info (12134): Parameter "c_cnt_prst7" = "1"
    Info (12134): Parameter "c_cnt_ph_mux_prst7" = "0"
    Info (12134): Parameter "c_cnt_in_src7" = "ph_mux_clk"
    Info (12134): Parameter "c_cnt_bypass_en7" = "true"
    Info (12134): Parameter "c_cnt_odd_div_duty_en7" = "false"
    Info (12134): Parameter "c_cnt_hi_div8" = "1"
    Info (12134): Parameter "c_cnt_lo_div8" = "1"
    Info (12134): Parameter "c_cnt_prst8" = "1"
    Info (12134): Parameter "c_cnt_ph_mux_prst8" = "0"
    Info (12134): Parameter "c_cnt_in_src8" = "ph_mux_clk"
    Info (12134): Parameter "c_cnt_bypass_en8" = "true"
    Info (12134): Parameter "c_cnt_odd_div_duty_en8" = "false"
    Info (12134): Parameter "c_cnt_hi_div9" = "1"
    Info (12134): Parameter "c_cnt_lo_div9" = "1"
    Info (12134): Parameter "c_cnt_prst9" = "1"
    Info (12134): Parameter "c_cnt_ph_mux_prst9" = "0"
    Info (12134): Parameter "c_cnt_in_src9" = "ph_mux_clk"
    Info (12134): Parameter "c_cnt_bypass_en9" = "true"
    Info (12134): Parameter "c_cnt_odd_div_duty_en9" = "false"
    Info (12134): Parameter "c_cnt_hi_div10" = "1"
    Info (12134): Parameter "c_cnt_lo_div10" = "1"
    Info (12134): Parameter "c_cnt_prst10" = "1"
    Info (12134): Parameter "c_cnt_ph_mux_prst10" = "0"
    Info (12134): Parameter "c_cnt_in_src10" = "ph_mux_clk"
    Info (12134): Parameter "c_cnt_bypass_en10" = "true"
    Info (12134): Parameter "c_cnt_odd_div_duty_en10" = "false"
    Info (12134): Parameter "c_cnt_hi_div11" = "1"
    Info (12134): Parameter "c_cnt_lo_div11" = "1"
    Info (12134): Parameter "c_cnt_prst11" = "1"
    Info (12134): Parameter "c_cnt_ph_mux_prst11" = "0"
    Info (12134): Parameter "c_cnt_in_src11" = "ph_mux_clk"
    Info (12134): Parameter "c_cnt_bypass_en11" = "true"
    Info (12134): Parameter "c_cnt_odd_div_duty_en11" = "false"
    Info (12134): Parameter "c_cnt_hi_div12" = "1"
    Info (12134): Parameter "c_cnt_lo_div12" = "1"
    Info (12134): Parameter "c_cnt_prst12" = "1"
    Info (12134): Parameter "c_cnt_ph_mux_prst12" = "0"
    Info (12134): Parameter "c_cnt_in_src12" = "ph_mux_clk"
    Info (12134): Parameter "c_cnt_bypass_en12" = "true"
    Info (12134): Parameter "c_cnt_odd_div_duty_en12" = "false"
    Info (12134): Parameter "c_cnt_hi_div13" = "1"
    Info (12134): Parameter "c_cnt_lo_div13" = "1"
    Info (12134): Parameter "c_cnt_prst13" = "1"
    Info (12134): Parameter "c_cnt_ph_mux_prst13" = "0"
    Info (12134): Parameter "c_cnt_in_src13" = "ph_mux_clk"
    Info (12134): Parameter "c_cnt_bypass_en13" = "true"
    Info (12134): Parameter "c_cnt_odd_div_duty_en13" = "false"
    Info (12134): Parameter "c_cnt_hi_div14" = "1"
    Info (12134): Parameter "c_cnt_lo_div14" = "1"
    Info (12134): Parameter "c_cnt_prst14" = "1"
    Info (12134): Parameter "c_cnt_ph_mux_prst14" = "0"
    Info (12134): Parameter "c_cnt_in_src14" = "ph_mux_clk"
    Info (12134): Parameter "c_cnt_bypass_en14" = "true"
    Info (12134): Parameter "c_cnt_odd_div_duty_en14" = "false"
    Info (12134): Parameter "c_cnt_hi_div15" = "1"
    Info (12134): Parameter "c_cnt_lo_div15" = "1"
    Info (12134): Parameter "c_cnt_prst15" = "1"
    Info (12134): Parameter "c_cnt_ph_mux_prst15" = "0"
    Info (12134): Parameter "c_cnt_in_src15" = "ph_mux_clk"
    Info (12134): Parameter "c_cnt_bypass_en15" = "true"
    Info (12134): Parameter "c_cnt_odd_div_duty_en15" = "false"
    Info (12134): Parameter "c_cnt_hi_div16" = "1"
    Info (12134): Parameter "c_cnt_lo_div16" = "1"
    Info (12134): Parameter "c_cnt_prst16" = "1"
    Info (12134): Parameter "c_cnt_ph_mux_prst16" = "0"
    Info (12134): Parameter "c_cnt_in_src16" = "ph_mux_clk"
    Info (12134): Parameter "c_cnt_bypass_en16" = "true"
    Info (12134): Parameter "c_cnt_odd_div_duty_en16" = "false"
    Info (12134): Parameter "c_cnt_hi_div17" = "1"
    Info (12134): Parameter "c_cnt_lo_div17" = "1"
    Info (12134): Parameter "c_cnt_prst17" = "1"
    Info (12134): Parameter "c_cnt_ph_mux_prst17" = "0"
    Info (12134): Parameter "c_cnt_in_src17" = "ph_mux_clk"
    Info (12134): Parameter "c_cnt_bypass_en17" = "true"
    Info (12134): Parameter "c_cnt_odd_div_duty_en17" = "false"
    Info (12134): Parameter "pll_vco_div" = "2"
    Info (12134): Parameter "pll_cp_current" = "20"
    Info (12134): Parameter "pll_bwctrl" = "4000"
    Info (12134): Parameter "pll_output_clk_frequency" = "429.54544 MHz"
    Info (12134): Parameter "pll_fractional_division" = "2537933971"
    Info (12134): Parameter "mimic_fbclk_type" = "none"
    Info (12134): Parameter "pll_fbclk_mux_1" = "glb"
    Info (12134): Parameter "pll_fbclk_mux_2" = "m_cnt"
    Info (12134): Parameter "pll_m_cnt_in_src" = "ph_mux_clk"
    Info (12134): Parameter "pll_slf_rst" = "true"
Info (12128): Elaborating entity "altera_cyclonev_pll" for hierarchy "emu:emu|pll:pll|pll_0002:pll_inst|altera_pll:altera_pll_i|altera_cyclonev_pll:cyclonev_pll" File: /home/struktured/intelFPGA_lite/23.1std/quartus/libraries/megafunctions/altera_pll.v Line: 2224
Info (12131): Elaborated megafunction instantiation "emu:emu|pll:pll|pll_0002:pll_inst|altera_pll:altera_pll_i|altera_cyclonev_pll:cyclonev_pll", which is child of megafunction instantiation "emu:emu|pll:pll|pll_0002:pll_inst|altera_pll:altera_pll_i" File: /home/struktured/intelFPGA_lite/23.1std/quartus/libraries/megafunctions/altera_pll.v Line: 2224
Info (12128): Elaborating entity "altera_cyclonev_pll_base" for hierarchy "emu:emu|pll:pll|pll_0002:pll_inst|altera_pll:altera_pll_i|altera_cyclonev_pll:cyclonev_pll|altera_cyclonev_pll_base:fpll_0" File: /home/struktured/intelFPGA_lite/23.1std/quartus/libraries/megafunctions/altera_cyclonev_pll.v Line: 1153
Info (12131): Elaborated megafunction instantiation "emu:emu|pll:pll|pll_0002:pll_inst|altera_pll:altera_pll_i|altera_cyclonev_pll:cyclonev_pll|altera_cyclonev_pll_base:fpll_0", which is child of megafunction instantiation "emu:emu|pll:pll|pll_0002:pll_inst|altera_pll:altera_pll_i" File: /home/struktured/intelFPGA_lite/23.1std/quartus/libraries/megafunctions/altera_cyclonev_pll.v Line: 1153
Info (12128): Elaborating entity "pll_cfg" for hierarchy "emu:emu|pll_cfg:pll_cfg" File: /home/struktured/projects/NES_MiSTer-winner/NES.sv Line: 361
Info (12128): Elaborating entity "altera_pll_reconfig_top" for hierarchy "emu:emu|pll_cfg:pll_cfg|altera_pll_reconfig_top:pll_cfg_inst" File: /home/struktured/projects/NES_MiSTer-winner/sys/pll_cfg/pll_cfg.v Line: 50
Info (12128): Elaborating entity "altera_pll_reconfig_core" for hierarchy "emu:emu|pll_cfg:pll_cfg|altera_pll_reconfig_top:pll_cfg_inst|altera_pll_reconfig_core:NM28_reconfig.reconfig_core.altera_pll_reconfig_core_inst0" File: /home/struktured/projects/NES_MiSTer-winner/sys/pll_cfg/altera_pll_reconfig_top.v Line: 420
Info (12128): Elaborating entity "keyboard" for hierarchy "emu:emu|keyboard:fkey" File: /home/struktured/projects/NES_MiSTer-winner/NES.sv Line: 524
Info (12128): Elaborating entity "miraclepiano" for hierarchy "emu:emu|miraclepiano:miracle" File: /home/struktured/projects/NES_MiSTer-winner/NES.sv Line: 537
Info (12128): Elaborating entity "dpram" for hierarchy "emu:emu|miraclepiano:miracle|dpram:inbuffer" File: /home/struktured/projects/NES_MiSTer-winner/rtl/miracle.sv Line: 165
Info (12128): Elaborating entity "altsyncram" for hierarchy "emu:emu|miraclepiano:miracle|dpram:inbuffer|altsyncram:altsyncram_component" File: /home/struktured/projects/NES_MiSTer-winner/rtl/dpram.vhd Line: 193
Info (12130): Elaborated megafunction instantiation "emu:emu|miraclepiano:miracle|dpram:inbuffer|altsyncram:altsyncram_component" File: /home/struktured/projects/NES_MiSTer-winner/rtl/dpram.vhd Line: 193
Info (12133): Instantiated megafunction "emu:emu|miraclepiano:miracle|dpram:inbuffer|altsyncram:altsyncram_component" with the following parameter: File: /home/struktured/projects/NES_MiSTer-winner/rtl/dpram.vhd Line: 193
    Info (12134): Parameter "address_reg_b" = "CLOCK1"
    Info (12134): Parameter "clock_enable_input_a" = "BYPASS"
    Info (12134): Parameter "clock_enable_input_b" = "BYPASS"
    Info (12134): Parameter "clock_enable_output_a" = "BYPASS"
    Info (12134): Parameter "clock_enable_output_b" = "BYPASS"
    Info (12134): Parameter "indata_reg_b" = "CLOCK1"
    Info (12134): Parameter "init_file" = " "
    Info (12134): Parameter "intended_device_family" = "Cyclone III"
    Info (12134): Parameter "lpm_type" = "altsyncram"
    Info (12134): Parameter "numwords_a" = "512"
    Info (12134): Parameter "numwords_b" = "512"
    Info (12134): Parameter "operation_mode" = "BIDIR_DUAL_PORT"
    Info (12134): Parameter "outdata_aclr_a" = "NONE"
    Info (12134): Parameter "outdata_aclr_b" = "NONE"
    Info (12134): Parameter "outdata_reg_a" = "UNREGISTERED"
    Info (12134): Parameter "outdata_reg_b" = "UNREGISTERED"
    Info (12134): Parameter "power_up_uninitialized" = "FALSE"
    Info (12134): Parameter "read_during_write_mode_port_a" = "NEW_DATA_NO_NBE_READ"
    Info (12134): Parameter "read_during_write_mode_port_b" = "NEW_DATA_NO_NBE_READ"
    Info (12134): Parameter "widthad_a" = "9"
    Info (12134): Parameter "widthad_b" = "9"
    Info (12134): Parameter "width_a" = "8"
    Info (12134): Parameter "width_b" = "8"
    Info (12134): Parameter "width_byteena_a" = "1"
    Info (12134): Parameter "width_byteena_b" = "1"
    Info (12134): Parameter "wrcontrol_wraddress_reg_b" = "CLOCK1"
Info (12021): Found 1 design units, including 1 entities, in source file db/altsyncram_7el2.tdf
    Info (12023): Found entity 1: altsyncram_7el2 File: /home/struktured/projects/NES_MiSTer-winner/db/altsyncram_7el2.tdf Line: 28
Info (12128): Elaborating entity "altsyncram_7el2" for hierarchy "emu:emu|miraclepiano:miracle|dpram:inbuffer|altsyncram:altsyncram_component|altsyncram_7el2:auto_generated" File: /home/struktured/intelFPGA_lite/23.1std/quartus/libraries/megafunctions/altsyncram.tdf Line: 792
Info (12128): Elaborating entity "midi_uart" for hierarchy "emu:emu|miraclepiano:miracle|midi_uart:miracle" File: /home/struktured/projects/NES_MiSTer-winner/rtl/miracle.sv Line: 192
Info (12128): Elaborating entity "zapper" for hierarchy "emu:emu|zapper:zap" File: /home/struktured/projects/NES_MiSTer-winner/NES.sv Line: 555
Info (12128): Elaborating entity "GameLoader" for hierarchy "emu:emu|GameLoader:loader" File: /home/struktured/projects/NES_MiSTer-winner/NES.sv Line: 645
Info (12128): Elaborating entity "NES" for hierarchy "emu:emu|NES:nes" File: /home/struktured/projects/NES_MiSTer-winner/NES.sv Line: 819
Info (12128): Elaborating entity "ClockGen" for hierarchy "emu:emu|NES:nes|ClockGen:clockgen_pause" File: /home/struktured/projects/NES_MiSTer-winner/rtl/nes.v Line: 394
Info (12128): Elaborating entity "T65" for hierarchy "emu:emu|NES:nes|T65:cpu" File: /home/struktured/projects/NES_MiSTer-winner/rtl/nes.v Line: 445
Info (12128): Elaborating entity "eReg_SavestateV" for hierarchy "emu:emu|NES:nes|T65:cpu|eReg_SavestateV:iREG_SAVESTATE_T80_1" File: /home/struktured/projects/NES_MiSTer-winner/rtl/t65/T65.vhd Line: 275
Info (12128): Elaborating entity "eReg_SavestateV" for hierarchy "emu:emu|NES:nes|T65:cpu|eReg_SavestateV:iREG_SAVESTATE_T80_2" File: /home/struktured/projects/NES_MiSTer-winner/rtl/t65/T65.vhd Line: 276
Info (12128): Elaborating entity "eReg_SavestateV" for hierarchy "emu:emu|NES:nes|T65:cpu|eReg_SavestateV:iREG_SAVESTATE_T80_3" File: /home/struktured/projects/NES_MiSTer-winner/rtl/t65/T65.vhd Line: 277
Info (12128): Elaborating entity "T65_MCode" for hierarchy "emu:emu|NES:nes|T65:cpu|T65_MCode:mcode" File: /home/struktured/projects/NES_MiSTer-winner/rtl/t65/T65.vhd Line: 305
Info (12128): Elaborating entity "T65_ALU" for hierarchy "emu:emu|NES:nes|T65:cpu|T65_ALU:alu" File: /home/struktured/projects/NES_MiSTer-winner/rtl/t65/T65.vhd Line: 343
Info (12128): Elaborating entity "DmaController" for hierarchy "emu:emu|NES:nes|DmaController:dma" File: /home/struktured/projects/NES_MiSTer-winner/rtl/nes.v Line: 483
Info (12128): Elaborating entity "APU" for hierarchy "emu:emu|NES:nes|APU:apu" File: /home/struktured/projects/NES_MiSTer-winner/rtl/nes.v Line: 525
Info (12128): Elaborating entity "eReg_SavestateV" for hierarchy "emu:emu|NES:nes|APU:apu|eReg_SavestateV:iREG_SAVESTATE_APU_TOP" File: /home/struktured/projects/NES_MiSTer-winner/rtl/apu.sv Line: 912
Info (12128): Elaborating entity "SquareChan" for hierarchy "emu:emu|NES:nes|APU:apu|SquareChan:Squ1" File: /home/struktured/projects/NES_MiSTer-winner/rtl/apu.sv Line: 1032
Info (12128): Elaborating entity "LenCounterUnit" for hierarchy "emu:emu|NES:nes|APU:apu|SquareChan:Squ1|LenCounterUnit:LenSq" File: /home/struktured/projects/NES_MiSTer-winner/rtl/apu.sv Line: 184
Info (12128): Elaborating entity "EnvelopeUnit" for hierarchy "emu:emu|NES:nes|APU:apu|SquareChan:Squ1|EnvelopeUnit:EnvSq" File: /home/struktured/projects/NES_MiSTer-winner/rtl/apu.sv Line: 194
Info (12128): Elaborating entity "TriangleChan" for hierarchy "emu:emu|NES:nes|APU:apu|TriangleChan:Tri" File: /home/struktured/projects/NES_MiSTer-winner/rtl/apu.sv Line: 1072
Info (12128): Elaborating entity "NoiseChan" for hierarchy "emu:emu|NES:nes|APU:apu|NoiseChan:Noi" File: /home/struktured/projects/NES_MiSTer-winner/rtl/apu.sv Line: 1091
Info (12128): Elaborating entity "DmcChan" for hierarchy "emu:emu|NES:nes|APU:apu|DmcChan:Dmc" File: /home/struktured/projects/NES_MiSTer-winner/rtl/apu.sv Line: 1118
Info (12128): Elaborating entity "eReg_SavestateV" for hierarchy "emu:emu|NES:nes|APU:apu|DmcChan:Dmc|eReg_SavestateV:iREG_SAVESTATE_APU_DMC1" File: /home/struktured/projects/NES_MiSTer-winner/rtl/apu.sv Line: 520
Info (12128): Elaborating entity "eReg_SavestateV" for hierarchy "emu:emu|NES:nes|APU:apu|DmcChan:Dmc|eReg_SavestateV:iREG_SAVESTATE_APU_DMC2" File: /home/struktured/projects/NES_MiSTer-winner/rtl/apu.sv Line: 521
Info (12128): Elaborating entity "APUMixer" for hierarchy "emu:emu|NES:nes|APU:apu|APUMixer:mixer" File: /home/struktured/projects/NES_MiSTer-winner/rtl/apu.sv Line: 1129
Info (12128): Elaborating entity "FrameCtr" for hierarchy "emu:emu|NES:nes|APU:apu|FrameCtr:frame_counter" File: /home/struktured/projects/NES_MiSTer-winner/rtl/apu.sv Line: 1155
Info (12128): Elaborating entity "eReg_SavestateV" for hierarchy "emu:emu|NES:nes|APU:apu|FrameCtr:frame_counter|eReg_SavestateV:iREG_SAVESTATE_APU_FCT" File: /home/struktured/projects/NES_MiSTer-winner/rtl/apu.sv Line: 749
Info (12128): Elaborating entity "PPU" for hierarchy "emu:emu|NES:nes|PPU:ppu" File: /home/struktured/projects/NES_MiSTer-winner/rtl/nes.v Line: 634
Info (12128): Elaborating entity "eReg_SavestateV" for hierarchy "emu:emu|NES:nes|PPU:ppu|eReg_SavestateV:iREG_SAVESTATE_PPU" File: /home/struktured/projects/NES_MiSTer-winner/rtl/ppu.sv Line: 1293
Info (12128): Elaborating entity "eReg_SavestateV" for hierarchy "emu:emu|NES:nes|PPU:ppu|eReg_SavestateV:iREG_SAVESTATE_PPU_DECAY" File: /home/struktured/projects/NES_MiSTer-winner/rtl/ppu.sv Line: 1294
Info (12128): Elaborating entity "ClockGen" for hierarchy "emu:emu|NES:nes|PPU:ppu|ClockGen:clock" File: /home/struktured/projects/NES_MiSTer-winner/rtl/ppu.sv Line: 1397
Info (12128): Elaborating entity "eReg_SavestateV" for hierarchy "emu:emu|NES:nes|PPU:ppu|ClockGen:clock|eReg_SavestateV:iREG_SAVESTATE" File: /home/struktured/projects/NES_MiSTer-winner/rtl/ppu.sv Line: 261
Info (12128): Elaborating entity "VramAddressGen" for hierarchy "emu:emu|NES:nes|PPU:ppu|VramAddressGen:vram0" File: /home/struktured/projects/NES_MiSTer-winner/rtl/ppu.sv Line: 1425
Info (12128): Elaborating entity "eReg_SavestateV" for hierarchy "emu:emu|NES:nes|PPU:ppu|VramAddressGen:vram0|eReg_SavestateV:iREG_SAVESTATE" File: /home/struktured/projects/NES_MiSTer-winner/rtl/ppu.sv Line: 35
Info (12128): Elaborating entity "BgPainter" for hierarchy "emu:emu|NES:nes|PPU:ppu|BgPainter:bg_painter" File: /home/struktured/projects/NES_MiSTer-winner/rtl/ppu.sv Line: 1454
Info (12128): Elaborating entity "OAMEval" for hierarchy "emu:emu|NES:nes|PPU:ppu|OAMEval:spriteeval" File: /home/struktured/projects/NES_MiSTer-winner/rtl/ppu.sv Line: 1498
Info (12128): Elaborating entity "eReg_SavestateV" for hierarchy "emu:emu|NES:nes|PPU:ppu|OAMEval:spriteeval|eReg_SavestateV:iREG_SAVESTATE" File: /home/struktured/projects/NES_MiSTer-winner/rtl/ppu.sv Line: 496
Info (12128): Elaborating entity "SpriteAddressGen" for hierarchy "emu:emu|NES:nes|PPU:ppu|SpriteAddressGen:address_gen" File: /home/struktured/projects/NES_MiSTer-winner/rtl/ppu.sv Line: 1529
Info (12128): Elaborating entity "SpriteAddressGenEx" for hierarchy "emu:emu|NES:nes|PPU:ppu|SpriteAddressGenEx:address_gen_ex" File: /home/struktured/projects/NES_MiSTer-winner/rtl/ppu.sv Line: 1551
Info (12128): Elaborating entity "SpriteSet" for hierarchy "emu:emu|NES:nes|PPU:ppu|SpriteSet:sprite_gen" File: /home/struktured/projects/NES_MiSTer-winner/rtl/ppu.sv Line: 1570
Info (12128): Elaborating entity "Sprite" for hierarchy "emu:emu|NES:nes|PPU:ppu|SpriteSet:sprite_gen|Sprite:sprite15" File: /home/struktured/projects/NES_MiSTer-winner/rtl/ppu.sv Line: 412
Info (12128): Elaborating entity "PixelMuxer" for hierarchy "emu:emu|NES:nes|PPU:ppu|PixelMuxer:pixel_muxer" File: /home/struktured/projects/NES_MiSTer-winner/rtl/ppu.sv Line: 1617
Info (12128): Elaborating entity "PaletteRam" for hierarchy "emu:emu|NES:nes|PPU:ppu|PaletteRam:palette_ram" File: /home/struktured/projects/NES_MiSTer-winner/rtl/ppu.sv Line: 1762
Info (12128): Elaborating entity "eReg_SavestateV" for hierarchy "emu:emu|NES:nes|PPU:ppu|PaletteRam:palette_ram|eReg_SavestateV:iREG_SAVESTATE_PAL0" File: /home/struktured/projects/NES_MiSTer-winner/rtl/ppu.sv Line: 1124
Info (12128): Elaborating entity "eReg_SavestateV" for hierarchy "emu:emu|NES:nes|PPU:ppu|PaletteRam:palette_ram|eReg_SavestateV:iREG_SAVESTATE_PAL1" File: /home/struktured/projects/NES_MiSTer-winner/rtl/ppu.sv Line: 1125
Info (12128): Elaborating entity "eReg_SavestateV" for hierarchy "emu:emu|NES:nes|PPU:ppu|PaletteRam:palette_ram|eReg_SavestateV:iREG_SAVESTATE_PAL2" File: /home/struktured/projects/NES_MiSTer-winner/rtl/ppu.sv Line: 1126
Info (12128): Elaborating entity "eReg_SavestateV" for hierarchy "emu:emu|NES:nes|PPU:ppu|PaletteRam:palette_ram|eReg_SavestateV:iREG_SAVESTATE_PAL3" File: /home/struktured/projects/NES_MiSTer-winner/rtl/ppu.sv Line: 1127
Info (12128): Elaborating entity "debug_dots" for hierarchy "emu:emu|NES:nes|PPU:ppu|debug_dots:debug_d" File: /home/struktured/projects/NES_MiSTer-winner/rtl/ppu.sv Line: 1795
Info (12128): Elaborating entity "cart_top" for hierarchy "emu:emu|NES:nes|cart_top:multi_mapper" File: /home/struktured/projects/NES_MiSTer-winner/rtl/nes.v Line: 731
Info (12128): Elaborating entity "MMC0" for hierarchy "emu:emu|NES:nes|cart_top:multi_mapper|MMC0:mmc0" File: /home/struktured/projects/NES_MiSTer-winner/rtl/cart.sv Line: 119
Info (12128): Elaborating entity "MMC1" for hierarchy "emu:emu|NES:nes|cart_top:multi_mapper|MMC1:mmc1" File: /home/struktured/projects/NES_MiSTer-winner/rtl/cart.sv Line: 157
Info (12128): Elaborating entity "eReg_SavestateV" for hierarchy "emu:emu|NES:nes|cart_top:multi_mapper|MMC1:mmc1|eReg_SavestateV:iREG_SAVESTATE_MAP1" File: /home/struktured/projects/NES_MiSTer-winner/rtl/mappers/MMC1.sv Line: 205
Info (12128): Elaborating entity "Mapper28" for hierarchy "emu:emu|NES:nes|cart_top:multi_mapper|Mapper28:map28" File: /home/struktured/projects/NES_MiSTer-winner/rtl/cart.sv Line: 197
Info (12128): Elaborating entity "Mapper30" for hierarchy "emu:emu|NES:nes|cart_top:multi_mapper|Mapper30:map30" File: /home/struktured/projects/NES_MiSTer-winner/rtl/cart.sv Line: 235
Info (12128): Elaborating entity "Mapper32" for hierarchy "emu:emu|NES:nes|cart_top:multi_mapper|Mapper32:map32" File: /home/struktured/projects/NES_MiSTer-winner/rtl/cart.sv Line: 273
Info (12128): Elaborating entity "eReg_SavestateV" for hierarchy "emu:emu|NES:nes|cart_top:multi_mapper|Mapper32:map32|eReg_SavestateV:iREG_SAVESTATE_MAP2" File: /home/struktured/projects/NES_MiSTer-winner/rtl/mappers/misc.sv Line: 793
Info (12128): Elaborating entity "MMC2" for hierarchy "emu:emu|NES:nes|cart_top:multi_mapper|MMC2:mmc2" File: /home/struktured/projects/NES_MiSTer-winner/rtl/cart.sv Line: 314
Info (12128): Elaborating entity "MMC3" for hierarchy "emu:emu|NES:nes|cart_top:multi_mapper|MMC3:mmc3" File: /home/struktured/projects/NES_MiSTer-winner/rtl/cart.sv Line: 362
Info (12128): Elaborating entity "eReg_SavestateV" for hierarchy "emu:emu|NES:nes|cart_top:multi_mapper|MMC3:mmc3|eReg_SavestateV:iREG_SAVESTATE_MAP3" File: /home/struktured/projects/NES_MiSTer-winner/rtl/mappers/MMC3.sv Line: 902
Info (12128): Elaborating entity "MMC4" for hierarchy "emu:emu|NES:nes|cart_top:multi_mapper|MMC4:mmc4" File: /home/struktured/projects/NES_MiSTer-winner/rtl/cart.sv Line: 403
Info (12128): Elaborating entity "MMC5" for hierarchy "emu:emu|NES:nes|cart_top:multi_mapper|MMC5:mmc5" File: /home/struktured/projects/NES_MiSTer-winner/rtl/cart.sv Line: 456
Info (12128): Elaborating entity "dpram" for hierarchy "emu:emu|NES:nes|cart_top:multi_mapper|MMC5:mmc5|dpram:expansion_ram" File: /home/struktured/projects/NES_MiSTer-winner/rtl/mappers/MMC5.sv Line: 152
Info (12128): Elaborating entity "altsyncram" for hierarchy "emu:emu|NES:nes|cart_top:multi_mapper|MMC5:mmc5|dpram:expansion_ram|altsyncram:altsyncram_component" File: /home/struktured/projects/NES_MiSTer-winner/rtl/dpram.vhd Line: 193
Info (12130): Elaborated megafunction instantiation "emu:emu|NES:nes|cart_top:multi_mapper|MMC5:mmc5|dpram:expansion_ram|altsyncram:altsyncram_component" File: /home/struktured/projects/NES_MiSTer-winner/rtl/dpram.vhd Line: 193
Info (12133): Instantiated megafunction "emu:emu|NES:nes|cart_top:multi_mapper|MMC5:mmc5|dpram:expansion_ram|altsyncram:altsyncram_component" with the following parameter: File: /home/struktured/projects/NES_MiSTer-winner/rtl/dpram.vhd Line: 193
    Info (12134): Parameter "address_reg_b" = "CLOCK1"
    Info (12134): Parameter "clock_enable_input_a" = "BYPASS"
    Info (12134): Parameter "clock_enable_input_b" = "BYPASS"
    Info (12134): Parameter "clock_enable_output_a" = "BYPASS"
    Info (12134): Parameter "clock_enable_output_b" = "BYPASS"
    Info (12134): Parameter "indata_reg_b" = "CLOCK1"
    Info (12134): Parameter "init_file" = " "
    Info (12134): Parameter "intended_device_family" = "Cyclone III"
    Info (12134): Parameter "lpm_type" = "altsyncram"
    Info (12134): Parameter "numwords_a" = "1024"
    Info (12134): Parameter "numwords_b" = "1024"
    Info (12134): Parameter "operation_mode" = "BIDIR_DUAL_PORT"
    Info (12134): Parameter "outdata_aclr_a" = "NONE"
    Info (12134): Parameter "outdata_aclr_b" = "NONE"
    Info (12134): Parameter "outdata_reg_a" = "UNREGISTERED"
    Info (12134): Parameter "outdata_reg_b" = "UNREGISTERED"
    Info (12134): Parameter "power_up_uninitialized" = "FALSE"
    Info (12134): Parameter "read_during_write_mode_port_a" = "NEW_DATA_NO_NBE_READ"
    Info (12134): Parameter "read_during_write_mode_port_b" = "NEW_DATA_NO_NBE_READ"
    Info (12134): Parameter "widthad_a" = "10"
    Info (12134): Parameter "widthad_b" = "10"
    Info (12134): Parameter "width_a" = "8"
    Info (12134): Parameter "width_b" = "8"
    Info (12134): Parameter "width_byteena_a" = "1"
    Info (12134): Parameter "width_byteena_b" = "1"
    Info (12134): Parameter "wrcontrol_wraddress_reg_b" = "CLOCK1"
Info (12021): Found 1 design units, including 1 entities, in source file db/altsyncram_ljl2.tdf
    Info (12023): Found entity 1: altsyncram_ljl2 File: /home/struktured/projects/NES_MiSTer-winner/db/altsyncram_ljl2.tdf Line: 28
Info (12128): Elaborating entity "altsyncram_ljl2" for hierarchy "emu:emu|NES:nes|cart_top:multi_mapper|MMC5:mmc5|dpram:expansion_ram|altsyncram:altsyncram_component|altsyncram_ljl2:auto_generated" File: /home/struktured/intelFPGA_lite/23.1std/quartus/libraries/megafunctions/altsyncram.tdf Line: 792
Info (12128): Elaborating entity "eReg_SavestateV" for hierarchy "emu:emu|NES:nes|cart_top:multi_mapper|MMC5:mmc5|eReg_SavestateV:iREG_SAVESTATE_MAP4" File: /home/struktured/projects/NES_MiSTer-winner/rtl/mappers/MMC5.sv Line: 689
Info (12128): Elaborating entity "eReg_SavestateV" for hierarchy "emu:emu|NES:nes|cart_top:multi_mapper|MMC5:mmc5|eReg_SavestateV:iREG_SAVESTATE_MAP5" File: /home/struktured/projects/NES_MiSTer-winner/rtl/mappers/MMC5.sv Line: 690
Info (12128): Elaborating entity "Mapper13" for hierarchy "emu:emu|NES:nes|cart_top:multi_mapper|Mapper13:map13" File: /home/struktured/projects/NES_MiSTer-winner/rtl/cart.sv Line: 487
Info (12128): Elaborating entity "Mapper15" for hierarchy "emu:emu|NES:nes|cart_top:multi_mapper|Mapper15:map15" File: /home/struktured/projects/NES_MiSTer-winner/rtl/cart.sv Line: 518
Info (12128): Elaborating entity "Mapper16" for hierarchy "emu:emu|NES:nes|cart_top:multi_mapper|Mapper16:map16" File: /home/struktured/projects/NES_MiSTer-winner/rtl/cart.sv Line: 565
Info (12128): Elaborating entity "EEPROM_24C0x" for hierarchy "emu:emu|NES:nes|cart_top:multi_mapper|Mapper16:map16|EEPROM_24C0x:eeprom" File: /home/struktured/projects/NES_MiSTer-winner/rtl/mappers/misc.sv Line: 364
Info (12128): Elaborating entity "eReg_SavestateV" for hierarchy "emu:emu|NES:nes|cart_top:multi_mapper|Mapper16:map16|EEPROM_24C0x:eeprom|eReg_SavestateV:iREG_SAVESTATE_MAP1" File: /home/struktured/projects/NES_MiSTer-winner/rtl/EEPROM_24C0x.sv Line: 202
Info (12128): Elaborating entity "Mapper18" for hierarchy "emu:emu|NES:nes|cart_top:multi_mapper|Mapper18:map18" File: /home/struktured/projects/NES_MiSTer-winner/rtl/cart.sv Line: 603
Info (12128): Elaborating entity "Mapper34" for hierarchy "emu:emu|NES:nes|cart_top:multi_mapper|Mapper34:map34" File: /home/struktured/projects/NES_MiSTer-winner/rtl/cart.sv Line: 641
Info (12128): Elaborating entity "Mapper41" for hierarchy "emu:emu|NES:nes|cart_top:multi_mapper|Mapper41:map41" File: /home/struktured/projects/NES_MiSTer-winner/rtl/cart.sv Line: 672
Info (12128): Elaborating entity "Mapper42" for hierarchy "emu:emu|NES:nes|cart_top:multi_mapper|Mapper42:map42" File: /home/struktured/projects/NES_MiSTer-winner/rtl/cart.sv Line: 703
Info (12128): Elaborating entity "KS202" for hierarchy "emu:emu|NES:nes|cart_top:multi_mapper|KS202:map142" File: /home/struktured/projects/NES_MiSTer-winner/rtl/cart.sv Line: 734
Info (12128): Elaborating entity "Mapper65" for hierarchy "emu:emu|NES:nes|cart_top:multi_mapper|Mapper65:map65" File: /home/struktured/projects/NES_MiSTer-winner/rtl/cart.sv Line: 772
Info (12128): Elaborating entity "Mapper66" for hierarchy "emu:emu|NES:nes|cart_top:multi_mapper|Mapper66:map66" File: /home/struktured/projects/NES_MiSTer-winner/rtl/cart.sv Line: 811
Info (12128): Elaborating entity "Mapper67" for hierarchy "emu:emu|NES:nes|cart_top:multi_mapper|Mapper67:map67" File: /home/struktured/projects/NES_MiSTer-winner/rtl/cart.sv Line: 849
Info (12128): Elaborating entity "Mapper68" for hierarchy "emu:emu|NES:nes|cart_top:multi_mapper|Mapper68:map68" File: /home/struktured/projects/NES_MiSTer-winner/rtl/cart.sv Line: 887
Info (12128): Elaborating entity "Mapper69" for hierarchy "emu:emu|NES:nes|cart_top:multi_mapper|Mapper69:map69" File: /home/struktured/projects/NES_MiSTer-winner/rtl/cart.sv Line: 925
Info (12128): Elaborating entity "Mapper71" for hierarchy "emu:emu|NES:nes|cart_top:multi_mapper|Mapper71:map71" File: /home/struktured/projects/NES_MiSTer-winner/rtl/cart.sv Line: 963
Info (12128): Elaborating entity "Mapper72" for hierarchy "emu:emu|NES:nes|cart_top:multi_mapper|Mapper72:map72" File: /home/struktured/projects/NES_MiSTer-winner/rtl/cart.sv Line: 1001
Info (12128): Elaborating entity "Mapper77" for hierarchy "emu:emu|NES:nes|cart_top:multi_mapper|Mapper77:map77" File: /home/struktured/projects/NES_MiSTer-winner/rtl/cart.sv Line: 1039
Info (12128): Elaborating entity "Mapper78" for hierarchy "emu:emu|NES:nes|cart_top:multi_mapper|Mapper78:map78" File: /home/struktured/projects/NES_MiSTer-winner/rtl/cart.sv Line: 1077
Info (12128): Elaborating entity "Mapper79" for hierarchy "emu:emu|NES:nes|cart_top:multi_mapper|Mapper79:map79" File: /home/struktured/projects/NES_MiSTer-winner/rtl/cart.sv Line: 1116
Info (12128): Elaborating entity "Mapper83" for hierarchy "emu:emu|NES:nes|cart_top:multi_mapper|Mapper83:map83" File: /home/struktured/projects/NES_MiSTer-winner/rtl/cart.sv Line: 1147
Info (12128): Elaborating entity "Mapper89" for hierarchy "emu:emu|NES:nes|cart_top:multi_mapper|Mapper89:map89" File: /home/struktured/projects/NES_MiSTer-winner/rtl/cart.sv Line: 1185
Info (12128): Elaborating entity "Mapper107" for hierarchy "emu:emu|NES:nes|cart_top:multi_mapper|Mapper107:map107" File: /home/struktured/projects/NES_MiSTer-winner/rtl/cart.sv Line: 1216
Info (12128): Elaborating entity "Mapper111" for hierarchy "emu:emu|NES:nes|cart_top:multi_mapper|Mapper111:map111" File: /home/struktured/projects/NES_MiSTer-winner/rtl/cart.sv Line: 1254
Info (12128): Elaborating entity "Mapper165" for hierarchy "emu:emu|NES:nes|cart_top:multi_mapper|Mapper165:map165" File: /home/struktured/projects/NES_MiSTer-winner/rtl/cart.sv Line: 1289
Info (12128): Elaborating entity "Mapper218" for hierarchy "emu:emu|NES:nes|cart_top:multi_mapper|Mapper218:map218" File: /home/struktured/projects/NES_MiSTer-winner/rtl/cart.sv Line: 1322
Info (12128): Elaborating entity "Mapper227" for hierarchy "emu:emu|NES:nes|cart_top:multi_mapper|Mapper227:map227" File: /home/struktured/projects/NES_MiSTer-winner/rtl/cart.sv Line: 1353
Info (12128): Elaborating entity "Mapper228" for hierarchy "emu:emu|NES:nes|cart_top:multi_mapper|Mapper228:map228" File: /home/struktured/projects/NES_MiSTer-winner/rtl/cart.sv Line: 1384
Info (12128): Elaborating entity "Mapper234" for hierarchy "emu:emu|NES:nes|cart_top:multi_mapper|Mapper234:map234" File: /home/struktured/projects/NES_MiSTer-winner/rtl/cart.sv Line: 1417
Info (12128): Elaborating entity "Mapper246" for hierarchy "emu:emu|NES:nes|cart_top:multi_mapper|Mapper246:map246" File: /home/struktured/projects/NES_MiSTer-winner/rtl/cart.sv Line: 1448
Info (12128): Elaborating entity "Rambo1" for hierarchy "emu:emu|NES:nes|cart_top:multi_mapper|Rambo1:rambo1" File: /home/struktured/projects/NES_MiSTer-winner/rtl/cart.sv Line: 1488
Info (12128): Elaborating entity "NesEvent" for hierarchy "emu:emu|NES:nes|cart_top:multi_mapper|NesEvent:nesev" File: /home/struktured/projects/NES_MiSTer-winner/rtl/cart.sv Line: 1519
Info (12128): Elaborating entity "VRC1" for hierarchy "emu:emu|NES:nes|cart_top:multi_mapper|VRC1:vrc1" File: /home/struktured/projects/NES_MiSTer-winner/rtl/cart.sv Line: 1558
Info (12128): Elaborating entity "VRC3" for hierarchy "emu:emu|NES:nes|cart_top:multi_mapper|VRC3:vrc3" File: /home/struktured/projects/NES_MiSTer-winner/rtl/cart.sv Line: 1596
Info (12128): Elaborating entity "VRC24" for hierarchy "emu:emu|NES:nes|cart_top:multi_mapper|VRC24:vrc24" File: /home/struktured/projects/NES_MiSTer-winner/rtl/cart.sv Line: 1634
Info (12128): Elaborating entity "vrcIRQ" for hierarchy "emu:emu|NES:nes|cart_top:multi_mapper|VRC24:vrc24|vrcIRQ:vrc4irq" File: /home/struktured/projects/NES_MiSTer-winner/rtl/mappers/VRC.sv Line: 458
Info (12128): Elaborating entity "VRC5" for hierarchy "emu:emu|NES:nes|cart_top:multi_mapper|VRC5:vrc5" File: /home/struktured/projects/NES_MiSTer-winner/rtl/cart.sv Line: 1684
Info (12128): Elaborating entity "dpram" for hierarchy "emu:emu|NES:nes|cart_top:multi_mapper|VRC5:vrc5|dpram:qt_ram" File: /home/struktured/projects/NES_MiSTer-winner/rtl/mappers/VRC.sv Line: 1393
Info (12128): Elaborating entity "altsyncram" for hierarchy "emu:emu|NES:nes|cart_top:multi_mapper|VRC5:vrc5|dpram:qt_ram|altsyncram:altsyncram_component" File: /home/struktured/projects/NES_MiSTer-winner/rtl/dpram.vhd Line: 193
Info (12130): Elaborated megafunction instantiation "emu:emu|NES:nes|cart_top:multi_mapper|VRC5:vrc5|dpram:qt_ram|altsyncram:altsyncram_component" File: /home/struktured/projects/NES_MiSTer-winner/rtl/dpram.vhd Line: 193
Info (12133): Instantiated megafunction "emu:emu|NES:nes|cart_top:multi_mapper|VRC5:vrc5|dpram:qt_ram|altsyncram:altsyncram_component" with the following parameter: File: /home/struktured/projects/NES_MiSTer-winner/rtl/dpram.vhd Line: 193
    Info (12134): Parameter "address_reg_b" = "CLOCK1"
    Info (12134): Parameter "clock_enable_input_a" = "BYPASS"
    Info (12134): Parameter "clock_enable_input_b" = "BYPASS"
    Info (12134): Parameter "clock_enable_output_a" = "BYPASS"
    Info (12134): Parameter "clock_enable_output_b" = "BYPASS"
    Info (12134): Parameter "indata_reg_b" = "CLOCK1"
    Info (12134): Parameter "init_file" = " "
    Info (12134): Parameter "intended_device_family" = "Cyclone III"
    Info (12134): Parameter "lpm_type" = "altsyncram"
    Info (12134): Parameter "numwords_a" = "2048"
    Info (12134): Parameter "numwords_b" = "2048"
    Info (12134): Parameter "operation_mode" = "BIDIR_DUAL_PORT"
    Info (12134): Parameter "outdata_aclr_a" = "NONE"
    Info (12134): Parameter "outdata_aclr_b" = "NONE"
    Info (12134): Parameter "outdata_reg_a" = "UNREGISTERED"
    Info (12134): Parameter "outdata_reg_b" = "UNREGISTERED"
    Info (12134): Parameter "power_up_uninitialized" = "FALSE"
    Info (12134): Parameter "read_during_write_mode_port_a" = "NEW_DATA_NO_NBE_READ"
    Info (12134): Parameter "read_during_write_mode_port_b" = "NEW_DATA_NO_NBE_READ"
    Info (12134): Parameter "widthad_a" = "11"
    Info (12134): Parameter "widthad_b" = "11"
    Info (12134): Parameter "width_a" = "8"
    Info (12134): Parameter "width_b" = "8"
    Info (12134): Parameter "width_byteena_a" = "1"
    Info (12134): Parameter "width_byteena_b" = "1"
    Info (12134): Parameter "wrcontrol_wraddress_reg_b" = "CLOCK1"
Info (12021): Found 1 design units, including 1 entities, in source file db/altsyncram_5kl2.tdf
    Info (12023): Found entity 1: altsyncram_5kl2 File: /home/struktured/projects/NES_MiSTer-winner/db/altsyncram_5kl2.tdf Line: 28
Info (12128): Elaborating entity "altsyncram_5kl2" for hierarchy "emu:emu|NES:nes|cart_top:multi_mapper|VRC5:vrc5|dpram:qt_ram|altsyncram:altsyncram_component|altsyncram_5kl2:auto_generated" File: /home/struktured/intelFPGA_lite/23.1std/quartus/libraries/megafunctions/altsyncram.tdf Line: 792
Info (12128): Elaborating entity "VRC6" for hierarchy "emu:emu|NES:nes|cart_top:multi_mapper|VRC6:vrc6" File: /home/struktured/projects/NES_MiSTer-winner/rtl/cart.sv Line: 1722
Info (12128): Elaborating entity "MAPVRC6" for hierarchy "emu:emu|NES:nes|cart_top:multi_mapper|VRC6:vrc6|MAPVRC6:vrc6" File: /home/struktured/projects/NES_MiSTer-winner/rtl/mappers/VRC.sv Line: 563
Info (12128): Elaborating entity "VRC7" for hierarchy "emu:emu|NES:nes|cart_top:multi_mapper|VRC7:vrc7" File: /home/struktured/projects/NES_MiSTer-winner/rtl/cart.sv Line: 1753
Info (12128): Elaborating entity "N163" for hierarchy "emu:emu|NES:nes|cart_top:multi_mapper|N163:n163" File: /home/struktured/projects/NES_MiSTer-winner/rtl/cart.sv Line: 1793
Info (12128): Elaborating entity "MAPN163" for hierarchy "emu:emu|NES:nes|cart_top:multi_mapper|N163:n163|MAPN163:n163" File: /home/struktured/projects/NES_MiSTer-winner/rtl/mappers/Namco.sv Line: 104
Info (12128): Elaborating entity "Mapper162" for hierarchy "emu:emu|NES:nes|cart_top:multi_mapper|Mapper162:map162" File: /home/struktured/projects/NES_MiSTer-winner/rtl/cart.sv Line: 1824
Info (12128): Elaborating entity "Nanjing" for hierarchy "emu:emu|NES:nes|cart_top:multi_mapper|Nanjing:map163" File: /home/struktured/projects/NES_MiSTer-winner/rtl/cart.sv Line: 1857
Info (12128): Elaborating entity "Mapper164" for hierarchy "emu:emu|NES:nes|cart_top:multi_mapper|Mapper164:map164" File: /home/struktured/projects/NES_MiSTer-winner/rtl/cart.sv Line: 1889
Info (12128): Elaborating entity "Mapper156" for hierarchy "emu:emu|NES:nes|cart_top:multi_mapper|Mapper156:daou" File: /home/struktured/projects/NES_MiSTer-winner/rtl/cart.sv Line: 1928
Info (12128): Elaborating entity "Sachen8259" for hierarchy "emu:emu|NES:nes|cart_top:multi_mapper|Sachen8259:sachen" File: /home/struktured/projects/NES_MiSTer-winner/rtl/cart.sv Line: 1967
Info (12128): Elaborating entity "SachenJV001" for hierarchy "emu:emu|NES:nes|cart_top:multi_mapper|SachenJV001:sachenj" File: /home/struktured/projects/NES_MiSTer-winner/rtl/cart.sv Line: 2006
Info (12128): Elaborating entity "SachenNROM" for hierarchy "emu:emu|NES:nes|cart_top:multi_mapper|SachenNROM:sachenn" File: /home/struktured/projects/NES_MiSTer-winner/rtl/cart.sv Line: 2039
Info (12128): Elaborating entity "JYCompany" for hierarchy "emu:emu|NES:nes|cart_top:multi_mapper|JYCompany:jycompany" File: /home/struktured/projects/NES_MiSTer-winner/rtl/cart.sv Line: 2081
Info (12128): Elaborating entity "multiplier" for hierarchy "emu:emu|NES:nes|cart_top:multi_mapper|JYCompany:jycompany|multiplier:mp" File: /home/struktured/projects/NES_MiSTer-winner/rtl/mappers/JYCompany.sv Line: 273
Info (12128): Elaborating entity "eReg_SavestateV" for hierarchy "emu:emu|NES:nes|cart_top:multi_mapper|JYCompany:jycompany|eReg_SavestateV:iREG_SAVESTATE_MAP6" File: /home/struktured/projects/NES_MiSTer-winner/rtl/mappers/JYCompany.sv Line: 423
Info (12128): Elaborating entity "Mapper91" for hierarchy "emu:emu|NES:nes|cart_top:multi_mapper|Mapper91:map91" File: /home/struktured/projects/NES_MiSTer-winner/rtl/cart.sv Line: 2115
Info (12128): Elaborating entity "Mapper225" for hierarchy "emu:emu|NES:nes|cart_top:multi_mapper|Mapper225:map225" File: /home/struktured/projects/NES_MiSTer-winner/rtl/cart.sv Line: 2146
Info (12128): Elaborating entity "Mapper200" for hierarchy "emu:emu|NES:nes|cart_top:multi_mapper|Mapper200:map200" File: /home/struktured/projects/NES_MiSTer-winner/rtl/cart.sv Line: 2177
Info (12128): Elaborating entity "Mapper413" for hierarchy "emu:emu|NES:nes|cart_top:multi_mapper|Mapper413:map413" File: /home/struktured/projects/NES_MiSTer-winner/rtl/cart.sv Line: 2213
Info (12128): Elaborating entity "MapperFDS" for hierarchy "emu:emu|NES:nes|cart_top:multi_mapper|MapperFDS:mapfds" File: /home/struktured/projects/NES_MiSTer-winner/rtl/cart.sv Line: 2261
Info (12128): Elaborating entity "NSF" for hierarchy "emu:emu|NES:nes|cart_top:multi_mapper|NSF:nsfplayer" File: /home/struktured/projects/NES_MiSTer-winner/rtl/cart.sv Line: 2304
Info (12128): Elaborating entity "SS5b_mixed" for hierarchy "emu:emu|NES:nes|cart_top:multi_mapper|SS5b_mixed:snd_5bm" File: /home/struktured/projects/NES_MiSTer-winner/rtl/cart.sv Line: 2323
Info (12128): Elaborating entity "SS5b_audio" for hierarchy "emu:emu|NES:nes|cart_top:multi_mapper|SS5b_mixed:snd_5bm|SS5b_audio:snd_5b" File: /home/struktured/projects/NES_MiSTer-winner/rtl/mappers/Sunsoft.sv Line: 232
Info (12128): Elaborating entity "eReg_SavestateV" for hierarchy "emu:emu|NES:nes|cart_top:multi_mapper|SS5b_mixed:snd_5bm|SS5b_audio:snd_5b|eReg_SavestateV:iREG_SAVESTATE_MAP1" File: /home/struktured/projects/NES_MiSTer-winner/rtl/mappers/Sunsoft.sv Line: 476
Info (12128): Elaborating entity "eReg_SavestateV" for hierarchy "emu:emu|NES:nes|cart_top:multi_mapper|SS5b_mixed:snd_5bm|SS5b_audio:snd_5b|eReg_SavestateV:iREG_SAVESTATE_MAP2" File: /home/struktured/projects/NES_MiSTer-winner/rtl/mappers/Sunsoft.sv Line: 477
Info (12128): Elaborating entity "eReg_SavestateV" for hierarchy "emu:emu|NES:nes|cart_top:multi_mapper|SS5b_mixed:snd_5bm|SS5b_audio:snd_5b|eReg_SavestateV:iREG_SAVESTATE_MAP3" File: /home/struktured/projects/NES_MiSTer-winner/rtl/mappers/Sunsoft.sv Line: 478
Info (12128): Elaborating entity "eReg_SavestateV" for hierarchy "emu:emu|NES:nes|cart_top:multi_mapper|SS5b_mixed:snd_5bm|SS5b_audio:snd_5b|eReg_SavestateV:iREG_SAVESTATE_MAP4" File: /home/struktured/projects/NES_MiSTer-winner/rtl/mappers/Sunsoft.sv Line: 479
Info (12128): Elaborating entity "namco163_mixed" for hierarchy "emu:emu|NES:nes|cart_top:multi_mapper|namco163_mixed:snd_n163" File: /home/struktured/projects/NES_MiSTer-winner/rtl/cart.sv Line: 2352
Info (12128): Elaborating entity "namco163_sound" for hierarchy "emu:emu|NES:nes|cart_top:multi_mapper|namco163_mixed:snd_n163|namco163_sound:n163" File: /home/struktured/projects/NES_MiSTer-winner/rtl/mappers/Namco.sv Line: 443
Info (12128): Elaborating entity "dpram" for hierarchy "emu:emu|NES:nes|cart_top:multi_mapper|namco163_mixed:snd_n163|namco163_sound:n163|dpram:modtable" File: /home/struktured/projects/NES_MiSTer-winner/rtl/mappers/Namco.sv Line: 636
Info (12128): Elaborating entity "altsyncram" for hierarchy "emu:emu|NES:nes|cart_top:multi_mapper|namco163_mixed:snd_n163|namco163_sound:n163|dpram:modtable|altsyncram:altsyncram_component" File: /home/struktured/projects/NES_MiSTer-winner/rtl/dpram.vhd Line: 193
Info (12130): Elaborated megafunction instantiation "emu:emu|NES:nes|cart_top:multi_mapper|namco163_mixed:snd_n163|namco163_sound:n163|dpram:modtable|altsyncram:altsyncram_component" File: /home/struktured/projects/NES_MiSTer-winner/rtl/dpram.vhd Line: 193
Info (12133): Instantiated megafunction "emu:emu|NES:nes|cart_top:multi_mapper|namco163_mixed:snd_n163|namco163_sound:n163|dpram:modtable|altsyncram:altsyncram_component" with the following parameter: File: /home/struktured/projects/NES_MiSTer-winner/rtl/dpram.vhd Line: 193
    Info (12134): Parameter "address_reg_b" = "CLOCK1"
    Info (12134): Parameter "clock_enable_input_a" = "BYPASS"
    Info (12134): Parameter "clock_enable_input_b" = "BYPASS"
    Info (12134): Parameter "clock_enable_output_a" = "BYPASS"
    Info (12134): Parameter "clock_enable_output_b" = "BYPASS"
    Info (12134): Parameter "indata_reg_b" = "CLOCK1"
    Info (12134): Parameter "init_file" = " "
    Info (12134): Parameter "intended_device_family" = "Cyclone III"
    Info (12134): Parameter "lpm_type" = "altsyncram"
    Info (12134): Parameter "numwords_a" = "128"
    Info (12134): Parameter "numwords_b" = "128"
    Info (12134): Parameter "operation_mode" = "BIDIR_DUAL_PORT"
    Info (12134): Parameter "outdata_aclr_a" = "NONE"
    Info (12134): Parameter "outdata_aclr_b" = "NONE"
    Info (12134): Parameter "outdata_reg_a" = "UNREGISTERED"
    Info (12134): Parameter "outdata_reg_b" = "UNREGISTERED"
    Info (12134): Parameter "power_up_uninitialized" = "FALSE"
    Info (12134): Parameter "read_during_write_mode_port_a" = "NEW_DATA_NO_NBE_READ"
    Info (12134): Parameter "read_during_write_mode_port_b" = "NEW_DATA_NO_NBE_READ"
    Info (12134): Parameter "widthad_a" = "7"
    Info (12134): Parameter "widthad_b" = "7"
    Info (12134): Parameter "width_a" = "8"
    Info (12134): Parameter "width_b" = "8"
    Info (12134): Parameter "width_byteena_a" = "1"
    Info (12134): Parameter "width_byteena_b" = "1"
    Info (12134): Parameter "wrcontrol_wraddress_reg_b" = "CLOCK1"
Info (12021): Found 1 design units, including 1 entities, in source file db/altsyncram_9el2.tdf
    Info (12023): Found entity 1: altsyncram_9el2 File: /home/struktured/projects/NES_MiSTer-winner/db/altsyncram_9el2.tdf Line: 28
Info (12128): Elaborating entity "altsyncram_9el2" for hierarchy "emu:emu|NES:nes|cart_top:multi_mapper|namco163_mixed:snd_n163|namco163_sound:n163|dpram:modtable|altsyncram:altsyncram_component|altsyncram_9el2:auto_generated" File: /home/struktured/intelFPGA_lite/23.1std/quartus/libraries/megafunctions/altsyncram.tdf Line: 792
Info (12128): Elaborating entity "eReg_SavestateV" for hierarchy "emu:emu|NES:nes|cart_top:multi_mapper|namco163_mixed:snd_n163|eReg_SavestateV:iREG_SAVESTATE_MAP1" File: /home/struktured/projects/NES_MiSTer-winner/rtl/mappers/Namco.sv Line: 458
Info (12128): Elaborating entity "mmc5_mixed" for hierarchy "emu:emu|NES:nes|cart_top:multi_mapper|mmc5_mixed:snd_mmc5" File: /home/struktured/projects/NES_MiSTer-winner/rtl/cart.sv Line: 2374
Info (12128): Elaborating entity "APU" for hierarchy "emu:emu|NES:nes|cart_top:multi_mapper|mmc5_mixed:snd_mmc5|APU:mmc5apu" File: /home/struktured/projects/NES_MiSTer-winner/rtl/mappers/MMC5.sv Line: 769
Info (12128): Elaborating entity "DmcChan" for hierarchy "emu:emu|NES:nes|cart_top:multi_mapper|mmc5_mixed:snd_mmc5|APU:mmc5apu|DmcChan:Dmc" File: /home/struktured/projects/NES_MiSTer-winner/rtl/apu.sv Line: 1118
Info (12128): Elaborating entity "FrameCtr" for hierarchy "emu:emu|NES:nes|cart_top:multi_mapper|mmc5_mixed:snd_mmc5|APU:mmc5apu|FrameCtr:frame_counter" File: /home/struktured/projects/NES_MiSTer-winner/rtl/apu.sv Line: 1155
Info (12128): Elaborating entity "eReg_SavestateV" for hierarchy "emu:emu|NES:nes|cart_top:multi_mapper|mmc5_mixed:snd_mmc5|APU:mmc5apu|FrameCtr:frame_counter|eReg_SavestateV:iREG_SAVESTATE_APU_FCT" File: /home/struktured/projects/NES_MiSTer-winner/rtl/apu.sv Line: 749
Info (12128): Elaborating entity "fds_mixed" for hierarchy "emu:emu|NES:nes|cart_top:multi_mapper|fds_mixed:snd_fds" File: /home/struktured/projects/NES_MiSTer-winner/rtl/cart.sv Line: 2395
Info (12128): Elaborating entity "fds_audio" for hierarchy "emu:emu|NES:nes|cart_top:multi_mapper|fds_mixed:snd_fds|fds_audio:fds_audio" File: /home/struktured/projects/NES_MiSTer-winner/rtl/mappers/FDS.sv Line: 600
Info (12128): Elaborating entity "IIR_filter" for hierarchy "emu:emu|NES:nes|cart_top:multi_mapper|fds_mixed:snd_fds|IIR_filter:fds_filter" File: /home/struktured/projects/NES_MiSTer-winner/rtl/mappers/FDS.sv Line: 638
Info (12128): Elaborating entity "vrc7_mixed" for hierarchy "emu:emu|NES:nes|cart_top:multi_mapper|vrc7_mixed:snd_vrc7" File: /home/struktured/projects/NES_MiSTer-winner/rtl/cart.sv Line: 2407
Info (12128): Elaborating entity "eseopll" for hierarchy "emu:emu|NES:nes|cart_top:multi_mapper|vrc7_mixed:snd_vrc7|eseopll:ym2143vrc7" File: /home/struktured/projects/NES_MiSTer-winner/rtl/mappers/VRC.sv Line: 1055
Info (12128): Elaborating entity "opll" for hierarchy "emu:emu|NES:nes|cart_top:multi_mapper|vrc7_mixed:snd_vrc7|eseopll:ym2143vrc7|opll:U1" File: /home/struktured/projects/NES_MiSTer-winner/rtl/SOUND/OPLL/eseopll.vhd Line: 117
Info (12128): Elaborating entity "SlotCounter" for hierarchy "emu:emu|NES:nes|cart_top:multi_mapper|vrc7_mixed:snd_vrc7|eseopll:ym2143vrc7|opll:U1|SlotCounter:s0" File: /home/struktured/projects/NES_MiSTer-winner/rtl/SOUND/OPLL/VM2413/opll.vhd Line: 279
Info (12128): Elaborating entity "SlotCounter" for hierarchy "emu:emu|NES:nes|cart_top:multi_mapper|vrc7_mixed:snd_vrc7|eseopll:ym2143vrc7|opll:U1|SlotCounter:s2" File: /home/struktured/projects/NES_MiSTer-winner/rtl/SOUND/OPLL/VM2413/opll.vhd Line: 291
Info (12128): Elaborating entity "SlotCounter" for hierarchy "emu:emu|NES:nes|cart_top:multi_mapper|vrc7_mixed:snd_vrc7|eseopll:ym2143vrc7|opll:U1|SlotCounter:s5" File: /home/struktured/projects/NES_MiSTer-winner/rtl/SOUND/OPLL/VM2413/opll.vhd Line: 303
Info (12128): Elaborating entity "SlotCounter" for hierarchy "emu:emu|NES:nes|cart_top:multi_mapper|vrc7_mixed:snd_vrc7|eseopll:ym2143vrc7|opll:U1|SlotCounter:s8" File: /home/struktured/projects/NES_MiSTer-winner/rtl/SOUND/OPLL/VM2413/opll.vhd Line: 315
Info (12128): Elaborating entity "controller" for hierarchy "emu:emu|NES:nes|cart_top:multi_mapper|vrc7_mixed:snd_vrc7|eseopll:ym2143vrc7|opll:U1|controller:ct" File: /home/struktured/projects/NES_MiSTer-winner/rtl/SOUND/OPLL/VM2413/opll.vhd Line: 328
Info (12128): Elaborating entity "RegisterMemory" for hierarchy "emu:emu|NES:nes|cart_top:multi_mapper|vrc7_mixed:snd_vrc7|eseopll:ym2143vrc7|opll:U1|controller:ct|RegisterMemory:u_register_memory" File: /home/struktured/projects/NES_MiSTer-winner/rtl/SOUND/OPLL/VM2413/controller.vhd Line: 165
Info (12128): Elaborating entity "VoiceMemory" for hierarchy "emu:emu|NES:nes|cart_top:multi_mapper|vrc7_mixed:snd_vrc7|eseopll:ym2143vrc7|opll:U1|controller:ct|VoiceMemory:vmem" File: /home/struktured/projects/NES_MiSTer-winner/rtl/SOUND/OPLL/VM2413/controller.vhd Line: 175
Info (12128): Elaborating entity "VoiceRom" for hierarchy "emu:emu|NES:nes|cart_top:multi_mapper|vrc7_mixed:snd_vrc7|eseopll:ym2143vrc7|opll:U1|controller:ct|VoiceMemory:vmem|VoiceRom:ROM2413" File: /home/struktured/projects/NES_MiSTer-winner/rtl/SOUND/OPLL/VM2413/voicememory.vhd Line: 70
Info (12128): Elaborating entity "envelopegenerator" for hierarchy "emu:emu|NES:nes|cart_top:multi_mapper|vrc7_mixed:snd_vrc7|eseopll:ym2143vrc7|opll:U1|envelopegenerator:eg" File: /home/struktured/projects/NES_MiSTer-winner/rtl/SOUND/OPLL/VM2413/opll.vhd Line: 333
Info (12128): Elaborating entity "AttackTable" for hierarchy "emu:emu|NES:nes|cart_top:multi_mapper|vrc7_mixed:snd_vrc7|eseopll:ym2143vrc7|opll:U1|envelopegenerator:eg|AttackTable:u_attack_table" File: /home/struktured/projects/NES_MiSTer-winner/rtl/SOUND/OPLL/VM2413/envelopegenerator.vhd Line: 99
Info (12128): Elaborating entity "attack_table_mul" for hierarchy "emu:emu|NES:nes|cart_top:multi_mapper|vrc7_mixed:snd_vrc7|eseopll:ym2143vrc7|opll:U1|envelopegenerator:eg|AttackTable:u_attack_table|attack_table_mul:u_attack_table_mul" File: /home/struktured/projects/NES_MiSTer-winner/rtl/SOUND/OPLL/VM2413/attacktable.vhd Line: 141
Info (12128): Elaborating entity "EnvelopeMemory" for hierarchy "emu:emu|NES:nes|cart_top:multi_mapper|vrc7_mixed:snd_vrc7|eseopll:ym2143vrc7|opll:U1|envelopegenerator:eg|EnvelopeMemory:u_envelope_memory" File: /home/struktured/projects/NES_MiSTer-winner/rtl/SOUND/OPLL/VM2413/envelopegenerator.vhd Line: 107
Info (12128): Elaborating entity "PhaseGenerator" for hierarchy "emu:emu|NES:nes|cart_top:multi_mapper|vrc7_mixed:snd_vrc7|eseopll:ym2143vrc7|opll:U1|PhaseGenerator:pg" File: /home/struktured/projects/NES_MiSTer-winner/rtl/SOUND/OPLL/VM2413/opll.vhd Line: 340
Info (12128): Elaborating entity "PhaseMemory" for hierarchy "emu:emu|NES:nes|cart_top:multi_mapper|vrc7_mixed:snd_vrc7|eseopll:ym2143vrc7|opll:U1|PhaseGenerator:pg|PhaseMemory:MEM" File: /home/struktured/projects/NES_MiSTer-winner/rtl/SOUND/OPLL/VM2413/phasegenerator.vhd Line: 174
Info (12128): Elaborating entity "Operator" for hierarchy "emu:emu|NES:nes|cart_top:multi_mapper|vrc7_mixed:snd_vrc7|eseopll:ym2143vrc7|opll:U1|Operator:op" File: /home/struktured/projects/NES_MiSTer-winner/rtl/SOUND/OPLL/VM2413/opll.vhd Line: 348
Info (12128): Elaborating entity "SineTable" for hierarchy "emu:emu|NES:nes|cart_top:multi_mapper|vrc7_mixed:snd_vrc7|eseopll:ym2143vrc7|opll:U1|Operator:op|SineTable:u_sine_table" File: /home/struktured/projects/NES_MiSTer-winner/rtl/SOUND/OPLL/VM2413/operator.vhd Line: 94
Info (12128): Elaborating entity "interpolate_mul" for hierarchy "emu:emu|NES:nes|cart_top:multi_mapper|vrc7_mixed:snd_vrc7|eseopll:ym2143vrc7|opll:U1|Operator:op|SineTable:u_sine_table|interpolate_mul:u_interpolate_mul" File: /home/struktured/projects/NES_MiSTer-winner/rtl/SOUND/OPLL/VM2413/sinetable.vhd Line: 168
Info (12128): Elaborating entity "OutputGenerator" for hierarchy "emu:emu|NES:nes|cart_top:multi_mapper|vrc7_mixed:snd_vrc7|eseopll:ym2143vrc7|opll:U1|OutputGenerator:og" File: /home/struktured/projects/NES_MiSTer-winner/rtl/SOUND/OPLL/VM2413/opll.vhd Line: 355
Info (12128): Elaborating entity "FeedbackMemory" for hierarchy "emu:emu|NES:nes|cart_top:multi_mapper|vrc7_mixed:snd_vrc7|eseopll:ym2143vrc7|opll:U1|OutputGenerator:og|FeedbackMemory:Fmem" File: /home/struktured/projects/NES_MiSTer-winner/rtl/SOUND/OPLL/VM2413/outputgenerator.vhd Line: 125
Info (12128): Elaborating entity "OutputMemory" for hierarchy "emu:emu|NES:nes|cart_top:multi_mapper|vrc7_mixed:snd_vrc7|eseopll:ym2143vrc7|opll:U1|OutputGenerator:og|OutputMemory:Mmem" File: /home/struktured/projects/NES_MiSTer-winner/rtl/SOUND/OPLL/VM2413/outputgenerator.vhd Line: 135
Info (12128): Elaborating entity "LinearTable" for hierarchy "emu:emu|NES:nes|cart_top:multi_mapper|vrc7_mixed:snd_vrc7|eseopll:ym2143vrc7|opll:U1|OutputGenerator:og|LinearTable:Ltbl" File: /home/struktured/projects/NES_MiSTer-winner/rtl/SOUND/OPLL/VM2413/outputgenerator.vhd Line: 146
Info (12128): Elaborating entity "linear_table_mul" for hierarchy "emu:emu|NES:nes|cart_top:multi_mapper|vrc7_mixed:snd_vrc7|eseopll:ym2143vrc7|opll:U1|OutputGenerator:og|LinearTable:Ltbl|linear_table_mul:u_linear_table_mul" File: /home/struktured/projects/NES_MiSTer-winner/rtl/SOUND/OPLL/VM2413/lineartable.vhd Line: 153
Info (12128): Elaborating entity "TemporalMixer" for hierarchy "emu:emu|NES:nes|cart_top:multi_mapper|vrc7_mixed:snd_vrc7|eseopll:ym2143vrc7|opll:U1|TemporalMixer:tm" File: /home/struktured/projects/NES_MiSTer-winner/rtl/SOUND/OPLL/VM2413/opll.vhd Line: 361
Info (12128): Elaborating entity "vrc6_mixed" for hierarchy "emu:emu|NES:nes|cart_top:multi_mapper|vrc6_mixed:snd_vrc6" File: /home/struktured/projects/NES_MiSTer-winner/rtl/cart.sv Line: 2427
Info (12128): Elaborating entity "vrc6sound" for hierarchy "emu:emu|NES:nes|cart_top:multi_mapper|vrc6_mixed:snd_vrc6|vrc6sound:snd_vrc6" File: /home/struktured/projects/NES_MiSTer-winner/rtl/mappers/VRC.sv Line: 1109
Info (12128): Elaborating entity "CoproDrMario" for hierarchy "emu:emu|NES:nes|cart_top:multi_mapper|CoproDrMario:copro2" File: /home/struktured/projects/NES_MiSTer-winner/rtl/cart.sv Line: 2449
Warning (10030): Net "rom.data_a" at CoproDrMario.sv(178) has no driver or initial value, using a default initial value '0' File: /home/struktured/projects/NES_MiSTer-winner/rtl/mappers/CoproDrMario.sv Line: 178
Warning (10030): Net "rom.waddr_a" at CoproDrMario.sv(178) has no driver or initial value, using a default initial value '0' File: /home/struktured/projects/NES_MiSTer-winner/rtl/mappers/CoproDrMario.sv Line: 178
Warning (10030): Net "rom.we_a" at CoproDrMario.sv(178) has no driver or initial value, using a default initial value '0' File: /home/struktured/projects/NES_MiSTer-winner/rtl/mappers/CoproDrMario.sv Line: 178
Info (12128): Elaborating entity "copro6502" for hierarchy "emu:emu|NES:nes|cart_top:multi_mapper|CoproDrMario:copro2|copro6502:cpu6502" File: /home/struktured/projects/NES_MiSTer-winner/rtl/mappers/CoproDrMario.sv Line: 52
Warning (10036): Verilog HDL or VHDL warning at copro6502.v(148): object "brk" assigned a value but never read File: /home/struktured/projects/NES_MiSTer-winner/rtl/mappers/copro6502.v Line: 148
Info (10264): Verilog HDL Case Statement information at copro6502.v(297): all case item expressions in this case statement are onehot File: /home/struktured/projects/NES_MiSTer-winner/rtl/mappers/copro6502.v Line: 297
Info (10264): Verilog HDL Case Statement information at copro6502.v(324): all case item expressions in this case statement are onehot File: /home/struktured/projects/NES_MiSTer-winner/rtl/mappers/copro6502.v Line: 324
Info (10264): Verilog HDL Case Statement information at copro6502.v(362): all case item expressions in this case statement are onehot File: /home/struktured/projects/NES_MiSTer-winner/rtl/mappers/copro6502.v Line: 362
Info (10264): Verilog HDL Case Statement information at copro6502.v(425): all case item expressions in this case statement are onehot File: /home/struktured/projects/NES_MiSTer-winner/rtl/mappers/copro6502.v Line: 425
Info (10264): Verilog HDL Case Statement information at copro6502.v(446): all case item expressions in this case statement are onehot File: /home/struktured/projects/NES_MiSTer-winner/rtl/mappers/copro6502.v Line: 446
Info (10264): Verilog HDL Case Statement information at copro6502.v(474): all case item expressions in this case statement are onehot File: /home/struktured/projects/NES_MiSTer-winner/rtl/mappers/copro6502.v Line: 474
Info (10264): Verilog HDL Case Statement information at copro6502.v(541): all case item expressions in this case statement are onehot File: /home/struktured/projects/NES_MiSTer-winner/rtl/mappers/copro6502.v Line: 541
Info (10264): Verilog HDL Case Statement information at copro6502.v(589): all case item expressions in this case statement are onehot File: /home/struktured/projects/NES_MiSTer-winner/rtl/mappers/copro6502.v Line: 589
Warning (10230): Verilog HDL assignment warning at copro6502.v(661): truncated value with size 32 to match size of target (8) File: /home/struktured/projects/NES_MiSTer-winner/rtl/mappers/copro6502.v Line: 661
Info (10264): Verilog HDL Case Statement information at copro6502.v(633): all case item expressions in this case statement are onehot File: /home/struktured/projects/NES_MiSTer-winner/rtl/mappers/copro6502.v Line: 633
Info (10264): Verilog HDL Case Statement information at copro6502.v(675): all case item expressions in this case statement are onehot File: /home/struktured/projects/NES_MiSTer-winner/rtl/mappers/copro6502.v Line: 675
Warning (10230): Verilog HDL assignment warning at copro6502.v(717): truncated value with size 32 to match size of target (1) File: /home/struktured/projects/NES_MiSTer-winner/rtl/mappers/copro6502.v Line: 717
Warning (10230): Verilog HDL assignment warning at copro6502.v(720): truncated value with size 32 to match size of target (1) File: /home/struktured/projects/NES_MiSTer-winner/rtl/mappers/copro6502.v Line: 720
Info (10264): Verilog HDL Case Statement information at copro6502.v(708): all case item expressions in this case statement are onehot File: /home/struktured/projects/NES_MiSTer-winner/rtl/mappers/copro6502.v Line: 708
Info (12128): Elaborating entity "copro_alu" for hierarchy "emu:emu|NES:nes|cart_top:multi_mapper|CoproDrMario:copro2|copro6502:cpu6502|copro_alu:ALU" File: /home/struktured/projects/NES_MiSTer-winner/rtl/mappers/copro6502.v Line: 582
Warning (10230): Verilog HDL assignment warning at copro_alu.v(50): truncated value with size 32 to match size of target (1) File: /home/struktured/projects/NES_MiSTer-winner/rtl/mappers/copro_alu.v Line: 50
Warning (10230): Verilog HDL assignment warning at copro_alu.v(73): truncated value with size 9 to match size of target (8) File: /home/struktured/projects/NES_MiSTer-winner/rtl/mappers/copro_alu.v Line: 73
Info (12128): Elaborating entity "LeafEval" for hierarchy "emu:emu|NES:nes|cart_top:multi_mapper|CoproDrMario:copro2|LeafEval:leafeval" File: /home/struktured/projects/NES_MiSTer-winner/rtl/mappers/CoproDrMario.sv Line: 159
Warning (10036): Verilog HDL or VHDL warning at LeafEval.sv(358): object "affbit" assigned a value but never read File: /home/struktured/projects/NES_MiSTer-winner/rtl/mappers/LeafEval.sv Line: 358
Warning (10036): Verilog HDL or VHDL warning at LeafEval.sv(376): object "rdy_h_sq" assigned a value but never read File: /home/struktured/projects/NES_MiSTer-winner/rtl/mappers/LeafEval.sv Line: 376
Warning (10036): Verilog HDL or VHDL warning at LeafEval.sv(621): object "blk" assigned a value but never read File: /home/struktured/projects/NES_MiSTer-winner/rtl/mappers/LeafEval.sv Line: 621
Info (10264): Verilog HDL Case Statement information at LeafEval.sv(154): all case item expressions in this case statement are onehot File: /home/struktured/projects/NES_MiSTer-winner/rtl/mappers/LeafEval.sv Line: 154
Warning (10230): Verilog HDL assignment warning at LeafEval.sv(974): truncated value with size 8 to match size of target (7) File: /home/struktured/projects/NES_MiSTer-winner/rtl/mappers/LeafEval.sv Line: 974
Warning (10230): Verilog HDL assignment warning at LeafEval.sv(976): truncated value with size 8 to match size of target (7) File: /home/struktured/projects/NES_MiSTer-winner/rtl/mappers/LeafEval.sv Line: 976
Warning (10230): Verilog HDL assignment warning at LeafEval.sv(1000): truncated value with size 16 to match size of target (11) File: /home/struktured/projects/NES_MiSTer-winner/rtl/mappers/LeafEval.sv Line: 1000
Warning (10230): Verilog HDL assignment warning at LeafEval.sv(1066): truncated value with size 8 to match size of target (7) File: /home/struktured/projects/NES_MiSTer-winner/rtl/mappers/LeafEval.sv Line: 1066
Warning (10230): Verilog HDL assignment warning at LeafEval.sv(1070): truncated value with size 8 to match size of target (7) File: /home/struktured/projects/NES_MiSTer-winner/rtl/mappers/LeafEval.sv Line: 1070
Warning (10230): Verilog HDL assignment warning at LeafEval.sv(1073): truncated value with size 5 to match size of target (4) File: /home/struktured/projects/NES_MiSTer-winner/rtl/mappers/LeafEval.sv Line: 1073
Warning (10230): Verilog HDL assignment warning at LeafEval.sv(1107): truncated value with size 5 to match size of target (4) File: /home/struktured/projects/NES_MiSTer-winner/rtl/mappers/LeafEval.sv Line: 1107
Info (12128): Elaborating entity "dpram" for hierarchy "emu:emu|NES:nes|cart_top:multi_mapper|CoproDrMario:copro2|LeafEval:leafeval|dpram:slotram" File: /home/struktured/projects/NES_MiSTer-winner/rtl/mappers/LeafEval.sv Line: 194
Info (12128): Elaborating entity "dpram" for hierarchy "emu:emu|NES:nes|cart_top:multi_mapper|CoproDrMario:copro2|dpram:wram" File: /home/struktured/projects/NES_MiSTer-winner/rtl/mappers/CoproDrMario.sv Line: 200
Info (12128): Elaborating entity "altsyncram" for hierarchy "emu:emu|NES:nes|cart_top:multi_mapper|CoproDrMario:copro2|dpram:wram|altsyncram:altsyncram_component" File: /home/struktured/projects/NES_MiSTer-winner/rtl/dpram.vhd Line: 193
Info (12130): Elaborated megafunction instantiation "emu:emu|NES:nes|cart_top:multi_mapper|CoproDrMario:copro2|dpram:wram|altsyncram:altsyncram_component" File: /home/struktured/projects/NES_MiSTer-winner/rtl/dpram.vhd Line: 193
Info (12133): Instantiated megafunction "emu:emu|NES:nes|cart_top:multi_mapper|CoproDrMario:copro2|dpram:wram|altsyncram:altsyncram_component" with the following parameter: File: /home/struktured/projects/NES_MiSTer-winner/rtl/dpram.vhd Line: 193
    Info (12134): Parameter "address_reg_b" = "CLOCK1"
    Info (12134): Parameter "clock_enable_input_a" = "BYPASS"
    Info (12134): Parameter "clock_enable_input_b" = "BYPASS"
    Info (12134): Parameter "clock_enable_output_a" = "BYPASS"
    Info (12134): Parameter "clock_enable_output_b" = "BYPASS"
    Info (12134): Parameter "indata_reg_b" = "CLOCK1"
    Info (12134): Parameter "init_file" = " "
    Info (12134): Parameter "intended_device_family" = "Cyclone III"
    Info (12134): Parameter "lpm_type" = "altsyncram"
    Info (12134): Parameter "numwords_a" = "4096"
    Info (12134): Parameter "numwords_b" = "4096"
    Info (12134): Parameter "operation_mode" = "BIDIR_DUAL_PORT"
    Info (12134): Parameter "outdata_aclr_a" = "NONE"
    Info (12134): Parameter "outdata_aclr_b" = "NONE"
    Info (12134): Parameter "outdata_reg_a" = "UNREGISTERED"
    Info (12134): Parameter "outdata_reg_b" = "UNREGISTERED"
    Info (12134): Parameter "power_up_uninitialized" = "FALSE"
    Info (12134): Parameter "read_during_write_mode_port_a" = "NEW_DATA_NO_NBE_READ"
    Info (12134): Parameter "read_during_write_mode_port_b" = "NEW_DATA_NO_NBE_READ"
    Info (12134): Parameter "widthad_a" = "12"
    Info (12134): Parameter "widthad_b" = "12"
    Info (12134): Parameter "width_a" = "8"
    Info (12134): Parameter "width_b" = "8"
    Info (12134): Parameter "width_byteena_a" = "1"
    Info (12134): Parameter "width_byteena_b" = "1"
    Info (12134): Parameter "wrcontrol_wraddress_reg_b" = "CLOCK1"
Info (12021): Found 1 design units, including 1 entities, in source file db/altsyncram_hkl2.tdf
    Info (12023): Found entity 1: altsyncram_hkl2 File: /home/struktured/projects/NES_MiSTer-winner/db/altsyncram_hkl2.tdf Line: 28
Info (12128): Elaborating entity "altsyncram_hkl2" for hierarchy "emu:emu|NES:nes|cart_top:multi_mapper|CoproDrMario:copro2|dpram:wram|altsyncram:altsyncram_component|altsyncram_hkl2:auto_generated" File: /home/struktured/intelFPGA_lite/23.1std/quartus/libraries/megafunctions/altsyncram.tdf Line: 792
Info (12128): Elaborating entity "CODES" for hierarchy "emu:emu|NES:nes|CODES:codes" File: /home/struktured/projects/NES_MiSTer-winner/rtl/nes.v Line: 746
Info (12128): Elaborating entity "eReg_SavestateV" for hierarchy "emu:emu|NES:nes|eReg_SavestateV:iREG_SAVESTATE_TOP" File: /home/struktured/projects/NES_MiSTer-winner/rtl/nes.v Line: 829
Info (12128): Elaborating entity "savestates" for hierarchy "emu:emu|NES:nes|savestates:savestates" File: /home/struktured/projects/NES_MiSTer-winner/rtl/nes.v Line: 907
Info (12128): Elaborating entity "statemanager" for hierarchy "emu:emu|NES:nes|statemanager:statemanager" File: /home/struktured/projects/NES_MiSTer-winner/rtl/nes.v Line: 927
Info (12128): Elaborating entity "spram" for hierarchy "emu:emu|spram:fds_bios" File: /home/struktured/projects/NES_MiSTer-winner/NES.sv Line: 849
Info (12128): Elaborating entity "spram_sz" for hierarchy "emu:emu|spram:fds_bios|spram_sz:spram_sz" File: /home/struktured/projects/NES_MiSTer-winner/rtl/dpram.vhd Line: 33
Info (12128): Elaborating entity "altsyncram" for hierarchy "emu:emu|spram:fds_bios|spram_sz:spram_sz|altsyncram:altsyncram_component" File: /home/struktured/projects/NES_MiSTer-winner/rtl/dpram.vhd Line: 74
Info (12130): Elaborated megafunction instantiation "emu:emu|spram:fds_bios|spram_sz:spram_sz|altsyncram:altsyncram_component" File: /home/struktured/projects/NES_MiSTer-winner/rtl/dpram.vhd Line: 74
Info (12133): Instantiated megafunction "emu:emu|spram:fds_bios|spram_sz:spram_sz|altsyncram:altsyncram_component" with the following parameter: File: /home/struktured/projects/NES_MiSTer-winner/rtl/dpram.vhd Line: 74
    Info (12134): Parameter "address_aclr_a" = "UNUSED"
    Info (12134): Parameter "address_aclr_b" = "NONE"
    Info (12134): Parameter "address_reg_b" = "CLOCK1"
    Info (12134): Parameter "byte_size" = "8"
    Info (12134): Parameter "byteena_aclr_a" = "UNUSED"
    Info (12134): Parameter "byteena_aclr_b" = "NONE"
    Info (12134): Parameter "byteena_reg_b" = "CLOCK1"
    Info (12134): Parameter "clock_enable_core_a" = "USE_INPUT_CLKEN"
    Info (12134): Parameter "clock_enable_core_b" = "USE_INPUT_CLKEN"
    Info (12134): Parameter "clock_enable_input_a" = "BYPASS"
    Info (12134): Parameter "clock_enable_input_b" = "NORMAL"
    Info (12134): Parameter "clock_enable_output_a" = "BYPASS"
    Info (12134): Parameter "clock_enable_output_b" = "NORMAL"
    Info (12134): Parameter "intended_device_family" = "Cyclone V"
    Info (12134): Parameter "ecc_pipeline_stage_enabled" = "FALSE"
    Info (12134): Parameter "enable_ecc" = "FALSE"
    Info (12134): Parameter "implement_in_les" = "OFF"
    Info (12134): Parameter "indata_aclr_a" = "UNUSED"
    Info (12134): Parameter "indata_aclr_b" = "NONE"
    Info (12134): Parameter "indata_reg_b" = "CLOCK1"
    Info (12134): Parameter "init_file" = " "
    Info (12134): Parameter "init_file_layout" = "PORT_A"
    Info (12134): Parameter "maximum_depth" = "0"
    Info (12134): Parameter "numwords_a" = "8192"
    Info (12134): Parameter "numwords_b" = "0"
    Info (12134): Parameter "operation_mode" = "SINGLE_PORT"
    Info (12134): Parameter "outdata_aclr_a" = "NONE"
    Info (12134): Parameter "outdata_aclr_b" = "NONE"
    Info (12134): Parameter "outdata_reg_a" = "UNREGISTERED"
    Info (12134): Parameter "outdata_reg_b" = "UNREGISTERED"
    Info (12134): Parameter "power_up_uninitialized" = "FALSE"
    Info (12134): Parameter "ram_block_type" = "AUTO"
    Info (12134): Parameter "rdcontrol_aclr_b" = "NONE"
    Info (12134): Parameter "rdcontrol_reg_b" = "CLOCK1"
    Info (12134): Parameter "read_during_write_mode_mixed_ports" = "DONT_CARE"
    Info (12134): Parameter "read_during_write_mode_port_a" = "NEW_DATA_NO_NBE_READ"
    Info (12134): Parameter "read_during_write_mode_port_b" = "NEW_DATA_NO_NBE_READ"
    Info (12134): Parameter "stratixiv_m144k_allow_dual_clocks" = "ON"
    Info (12134): Parameter "width_a" = "8"
    Info (12134): Parameter "width_b" = "1"
    Info (12134): Parameter "width_byteena_a" = "1"
    Info (12134): Parameter "width_byteena_b" = "1"
    Info (12134): Parameter "width_eccstatus" = "3"
    Info (12134): Parameter "widthad_a" = "13"
    Info (12134): Parameter "widthad_b" = "1"
    Info (12134): Parameter "wrcontrol_aclr_a" = "UNUSED"
    Info (12134): Parameter "wrcontrol_aclr_b" = "NONE"
    Info (12134): Parameter "wrcontrol_wraddress_reg_b" = "CLOCK1"
    Info (12134): Parameter "lpm_hint" = "ENABLE_RUNTIME_MOD=YES,INSTANCE_NAME=MEM"
    Info (12134): Parameter "lpm_type" = "altsyncram"
Info (12021): Found 1 design units, including 1 entities, in source file db/altsyncram_j524.tdf
    Info (12023): Found entity 1: altsyncram_j524 File: /home/struktured/projects/NES_MiSTer-winner/db/altsyncram_j524.tdf Line: 28
Info (12128): Elaborating entity "altsyncram_j524" for hierarchy "emu:emu|spram:fds_bios|spram_sz:spram_sz|altsyncram:altsyncram_component|altsyncram_j524:auto_generated" File: /home/struktured/intelFPGA_lite/23.1std/quartus/libraries/megafunctions/altsyncram.tdf Line: 792
Info (12021): Found 1 design units, including 1 entities, in source file db/altsyncram_8nv2.tdf
    Info (12023): Found entity 1: altsyncram_8nv2 File: /home/struktured/projects/NES_MiSTer-winner/db/altsyncram_8nv2.tdf Line: 28
Info (12128): Elaborating entity "altsyncram_8nv2" for hierarchy "emu:emu|spram:fds_bios|spram_sz:spram_sz|altsyncram:altsyncram_component|altsyncram_j524:auto_generated|altsyncram_8nv2:altsyncram1" File: /home/struktured/projects/NES_MiSTer-winner/db/altsyncram_j524.tdf Line: 37
Info (12128): Elaborating entity "sld_mod_ram_rom" for hierarchy "emu:emu|spram:fds_bios|spram_sz:spram_sz|altsyncram:altsyncram_component|altsyncram_j524:auto_generated|sld_mod_ram_rom:mgl_prim2" File: /home/struktured/projects/NES_MiSTer-winner/db/altsyncram_j524.tdf Line: 38
Info (12130): Elaborated megafunction instantiation "emu:emu|spram:fds_bios|spram_sz:spram_sz|altsyncram:altsyncram_component|altsyncram_j524:auto_generated|sld_mod_ram_rom:mgl_prim2" File: /home/struktured/projects/NES_MiSTer-winner/db/altsyncram_j524.tdf Line: 38
Info (12133): Instantiated megafunction "emu:emu|spram:fds_bios|spram_sz:spram_sz|altsyncram:altsyncram_component|altsyncram_j524:auto_generated|sld_mod_ram_rom:mgl_prim2" with the following parameter: File: /home/struktured/projects/NES_MiSTer-winner/db/altsyncram_j524.tdf Line: 38
    Info (12134): Parameter "CVALUE" = "00000000"
    Info (12134): Parameter "IS_DATA_IN_RAM" = "1"
    Info (12134): Parameter "IS_READABLE" = "1"
    Info (12134): Parameter "NODE_NAME" = "1296387328"
    Info (12134): Parameter "NUMWORDS" = "8192"
    Info (12134): Parameter "SHIFT_COUNT_BITS" = "4"
    Info (12134): Parameter "WIDTH_WORD" = "8"
    Info (12134): Parameter "WIDTHAD" = "13"
Info (12128): Elaborating entity "sld_jtag_endpoint_adapter" for hierarchy "emu:emu|spram:fds_bios|spram_sz:spram_sz|altsyncram:altsyncram_component|altsyncram_j524:auto_generated|sld_mod_ram_rom:mgl_prim2|sld_jtag_endpoint_adapter:jtag_signal_adapter" File: /home/struktured/intelFPGA_lite/23.1std/quartus/libraries/megafunctions/sld_mod_ram_rom.vhd Line: 302
Info (12128): Elaborating entity "sld_jtag_endpoint_adapter_impl" for hierarchy "emu:emu|spram:fds_bios|spram_sz:spram_sz|altsyncram:altsyncram_component|altsyncram_j524:auto_generated|sld_mod_ram_rom:mgl_prim2|sld_jtag_endpoint_adapter:jtag_signal_adapter|sld_jtag_endpoint_adapter_impl:sld_jtag_endpoint_adapter_impl_inst" File: /home/struktured/intelFPGA_lite/23.1std/quartus/libraries/megafunctions/sld_jtag_endpoint_adapter.vhd Line: 232
Info (12128): Elaborating entity "sld_rom_sr" for hierarchy "emu:emu|spram:fds_bios|spram_sz:spram_sz|altsyncram:altsyncram_component|altsyncram_j524:auto_generated|sld_mod_ram_rom:mgl_prim2|sld_rom_sr:\ram_rom_logic_gen:name_gen:info_rom_sr" File: /home/struktured/intelFPGA_lite/23.1std/quartus/libraries/megafunctions/sld_mod_ram_rom.vhd Line: 828
Info (12128): Elaborating entity "spram" for hierarchy "emu:emu|spram:nsfplayrom" File: /home/struktured/projects/NES_MiSTer-winner/NES.sv Line: 857
Info (12128): Elaborating entity "spram_sz" for hierarchy "emu:emu|spram:nsfplayrom|spram_sz:spram_sz" File: /home/struktured/projects/NES_MiSTer-winner/rtl/dpram.vhd Line: 33
Info (12128): Elaborating entity "altsyncram" for hierarchy "emu:emu|spram:nsfplayrom|spram_sz:spram_sz|altsyncram:altsyncram_component" File: /home/struktured/projects/NES_MiSTer-winner/rtl/dpram.vhd Line: 74
Info (12130): Elaborated megafunction instantiation "emu:emu|spram:nsfplayrom|spram_sz:spram_sz|altsyncram:altsyncram_component" File: /home/struktured/projects/NES_MiSTer-winner/rtl/dpram.vhd Line: 74
Info (12133): Instantiated megafunction "emu:emu|spram:nsfplayrom|spram_sz:spram_sz|altsyncram:altsyncram_component" with the following parameter: File: /home/struktured/projects/NES_MiSTer-winner/rtl/dpram.vhd Line: 74
    Info (12134): Parameter "address_aclr_a" = "UNUSED"
    Info (12134): Parameter "address_aclr_b" = "NONE"
    Info (12134): Parameter "address_reg_b" = "CLOCK1"
    Info (12134): Parameter "byte_size" = "8"
    Info (12134): Parameter "byteena_aclr_a" = "UNUSED"
    Info (12134): Parameter "byteena_aclr_b" = "NONE"
    Info (12134): Parameter "byteena_reg_b" = "CLOCK1"
    Info (12134): Parameter "clock_enable_core_a" = "USE_INPUT_CLKEN"
    Info (12134): Parameter "clock_enable_core_b" = "USE_INPUT_CLKEN"
    Info (12134): Parameter "clock_enable_input_a" = "BYPASS"
    Info (12134): Parameter "clock_enable_input_b" = "NORMAL"
    Info (12134): Parameter "clock_enable_output_a" = "BYPASS"
    Info (12134): Parameter "clock_enable_output_b" = "NORMAL"
    Info (12134): Parameter "intended_device_family" = "Cyclone V"
    Info (12134): Parameter "ecc_pipeline_stage_enabled" = "FALSE"
    Info (12134): Parameter "enable_ecc" = "FALSE"
    Info (12134): Parameter "implement_in_les" = "OFF"
    Info (12134): Parameter "indata_aclr_a" = "UNUSED"
    Info (12134): Parameter "indata_aclr_b" = "NONE"
    Info (12134): Parameter "indata_reg_b" = "CLOCK1"
    Info (12134): Parameter "init_file" = "rtl/loopy_NSF.mif"
    Info (12134): Parameter "init_file_layout" = "PORT_A"
    Info (12134): Parameter "maximum_depth" = "0"
    Info (12134): Parameter "numwords_a" = "4096"
    Info (12134): Parameter "numwords_b" = "0"
    Info (12134): Parameter "operation_mode" = "SINGLE_PORT"
    Info (12134): Parameter "outdata_aclr_a" = "NONE"
    Info (12134): Parameter "outdata_aclr_b" = "NONE"
    Info (12134): Parameter "outdata_reg_a" = "UNREGISTERED"
    Info (12134): Parameter "outdata_reg_b" = "UNREGISTERED"
    Info (12134): Parameter "power_up_uninitialized" = "FALSE"
    Info (12134): Parameter "ram_block_type" = "AUTO"
    Info (12134): Parameter "rdcontrol_aclr_b" = "NONE"
    Info (12134): Parameter "rdcontrol_reg_b" = "CLOCK1"
    Info (12134): Parameter "read_during_write_mode_mixed_ports" = "DONT_CARE"
    Info (12134): Parameter "read_during_write_mode_port_a" = "NEW_DATA_NO_NBE_READ"
    Info (12134): Parameter "read_during_write_mode_port_b" = "NEW_DATA_NO_NBE_READ"
    Info (12134): Parameter "stratixiv_m144k_allow_dual_clocks" = "ON"
    Info (12134): Parameter "width_a" = "8"
    Info (12134): Parameter "width_b" = "1"
    Info (12134): Parameter "width_byteena_a" = "1"
    Info (12134): Parameter "width_byteena_b" = "1"
    Info (12134): Parameter "width_eccstatus" = "3"
    Info (12134): Parameter "widthad_a" = "12"
    Info (12134): Parameter "widthad_b" = "1"
    Info (12134): Parameter "wrcontrol_aclr_a" = "UNUSED"
    Info (12134): Parameter "wrcontrol_aclr_b" = "NONE"
    Info (12134): Parameter "wrcontrol_wraddress_reg_b" = "CLOCK1"
    Info (12134): Parameter "lpm_hint" = "ENABLE_RUNTIME_MOD=YES,INSTANCE_NAME=MEM"
    Info (12134): Parameter "lpm_type" = "altsyncram"
Info (12021): Found 1 design units, including 1 entities, in source file db/altsyncram_9u44.tdf
    Info (12023): Found entity 1: altsyncram_9u44 File: /home/struktured/projects/NES_MiSTer-winner/db/altsyncram_9u44.tdf Line: 28
Info (12128): Elaborating entity "altsyncram_9u44" for hierarchy "emu:emu|spram:nsfplayrom|spram_sz:spram_sz|altsyncram:altsyncram_component|altsyncram_9u44:auto_generated" File: /home/struktured/intelFPGA_lite/23.1std/quartus/libraries/megafunctions/altsyncram.tdf Line: 792
Info (12021): Found 1 design units, including 1 entities, in source file db/altsyncram_sf23.tdf
    Info (12023): Found entity 1: altsyncram_sf23 File: /home/struktured/projects/NES_MiSTer-winner/db/altsyncram_sf23.tdf Line: 28
Info (12128): Elaborating entity "altsyncram_sf23" for hierarchy "emu:emu|spram:nsfplayrom|spram_sz:spram_sz|altsyncram:altsyncram_component|altsyncram_9u44:auto_generated|altsyncram_sf23:altsyncram1" File: /home/struktured/projects/NES_MiSTer-winner/db/altsyncram_9u44.tdf Line: 37
Info (12128): Elaborating entity "sld_mod_ram_rom" for hierarchy "emu:emu|spram:nsfplayrom|spram_sz:spram_sz|altsyncram:altsyncram_component|altsyncram_9u44:auto_generated|sld_mod_ram_rom:mgl_prim2" File: /home/struktured/projects/NES_MiSTer-winner/db/altsyncram_9u44.tdf Line: 38
Info (12130): Elaborated megafunction instantiation "emu:emu|spram:nsfplayrom|spram_sz:spram_sz|altsyncram:altsyncram_component|altsyncram_9u44:auto_generated|sld_mod_ram_rom:mgl_prim2" File: /home/struktured/projects/NES_MiSTer-winner/db/altsyncram_9u44.tdf Line: 38
Info (12133): Instantiated megafunction "emu:emu|spram:nsfplayrom|spram_sz:spram_sz|altsyncram:altsyncram_component|altsyncram_9u44:auto_generated|sld_mod_ram_rom:mgl_prim2" with the following parameter: File: /home/struktured/projects/NES_MiSTer-winner/db/altsyncram_9u44.tdf Line: 38
    Info (12134): Parameter "CVALUE" = "00000000"
    Info (12134): Parameter "IS_DATA_IN_RAM" = "1"
    Info (12134): Parameter "IS_READABLE" = "1"
    Info (12134): Parameter "NODE_NAME" = "1296387328"
    Info (12134): Parameter "NUMWORDS" = "4096"
    Info (12134): Parameter "SHIFT_COUNT_BITS" = "4"
    Info (12134): Parameter "WIDTH_WORD" = "8"
    Info (12134): Parameter "WIDTHAD" = "12"
Info (12128): Elaborating entity "sdram" for hierarchy "emu:emu|sdram:sdram" File: /home/struktured/projects/NES_MiSTer-winner/NES.sv Line: 928
Info (12128): Elaborating entity "video" for hierarchy "emu:emu|video:video" File: /home/struktured/projects/NES_MiSTer-winner/NES.sv Line: 1057
Info (12128): Elaborating entity "spram" for hierarchy "emu:emu|video:video|spram:pal_ram" File: /home/struktured/projects/NES_MiSTer-winner/rtl/video.sv Line: 130
Info (12128): Elaborating entity "spram_sz" for hierarchy "emu:emu|video:video|spram:pal_ram|spram_sz:spram_sz" File: /home/struktured/projects/NES_MiSTer-winner/rtl/dpram.vhd Line: 33
Info (12128): Elaborating entity "altsyncram" for hierarchy "emu:emu|video:video|spram:pal_ram|spram_sz:spram_sz|altsyncram:altsyncram_component" File: /home/struktured/projects/NES_MiSTer-winner/rtl/dpram.vhd Line: 74
Info (12130): Elaborated megafunction instantiation "emu:emu|video:video|spram:pal_ram|spram_sz:spram_sz|altsyncram:altsyncram_component" File: /home/struktured/projects/NES_MiSTer-winner/rtl/dpram.vhd Line: 74
Info (12133): Instantiated megafunction "emu:emu|video:video|spram:pal_ram|spram_sz:spram_sz|altsyncram:altsyncram_component" with the following parameter: File: /home/struktured/projects/NES_MiSTer-winner/rtl/dpram.vhd Line: 74
    Info (12134): Parameter "address_aclr_a" = "UNUSED"
    Info (12134): Parameter "address_aclr_b" = "NONE"
    Info (12134): Parameter "address_reg_b" = "CLOCK1"
    Info (12134): Parameter "byte_size" = "8"
    Info (12134): Parameter "byteena_aclr_a" = "UNUSED"
    Info (12134): Parameter "byteena_aclr_b" = "NONE"
    Info (12134): Parameter "byteena_reg_b" = "CLOCK1"
    Info (12134): Parameter "clock_enable_core_a" = "USE_INPUT_CLKEN"
    Info (12134): Parameter "clock_enable_core_b" = "USE_INPUT_CLKEN"
    Info (12134): Parameter "clock_enable_input_a" = "BYPASS"
    Info (12134): Parameter "clock_enable_input_b" = "NORMAL"
    Info (12134): Parameter "clock_enable_output_a" = "BYPASS"
    Info (12134): Parameter "clock_enable_output_b" = "NORMAL"
    Info (12134): Parameter "intended_device_family" = "Cyclone V"
    Info (12134): Parameter "ecc_pipeline_stage_enabled" = "FALSE"
    Info (12134): Parameter "enable_ecc" = "FALSE"
    Info (12134): Parameter "implement_in_les" = "OFF"
    Info (12134): Parameter "indata_aclr_a" = "UNUSED"
    Info (12134): Parameter "indata_aclr_b" = "NONE"
    Info (12134): Parameter "indata_reg_b" = "CLOCK1"
    Info (12134): Parameter "init_file" = "rtl/tao.mif"
    Info (12134): Parameter "init_file_layout" = "PORT_A"
    Info (12134): Parameter "maximum_depth" = "0"
    Info (12134): Parameter "numwords_a" = "64"
    Info (12134): Parameter "numwords_b" = "0"
    Info (12134): Parameter "operation_mode" = "SINGLE_PORT"
    Info (12134): Parameter "outdata_aclr_a" = "NONE"
    Info (12134): Parameter "outdata_aclr_b" = "NONE"
    Info (12134): Parameter "outdata_reg_a" = "UNREGISTERED"
    Info (12134): Parameter "outdata_reg_b" = "UNREGISTERED"
    Info (12134): Parameter "power_up_uninitialized" = "FALSE"
    Info (12134): Parameter "ram_block_type" = "AUTO"
    Info (12134): Parameter "rdcontrol_aclr_b" = "NONE"
    Info (12134): Parameter "rdcontrol_reg_b" = "CLOCK1"
    Info (12134): Parameter "read_during_write_mode_mixed_ports" = "DONT_CARE"
    Info (12134): Parameter "read_during_write_mode_port_a" = "NEW_DATA_NO_NBE_READ"
    Info (12134): Parameter "read_during_write_mode_port_b" = "NEW_DATA_NO_NBE_READ"
    Info (12134): Parameter "stratixiv_m144k_allow_dual_clocks" = "ON"
    Info (12134): Parameter "width_a" = "24"
    Info (12134): Parameter "width_b" = "1"
    Info (12134): Parameter "width_byteena_a" = "1"
    Info (12134): Parameter "width_byteena_b" = "1"
    Info (12134): Parameter "width_eccstatus" = "3"
    Info (12134): Parameter "widthad_a" = "6"
    Info (12134): Parameter "widthad_b" = "1"
    Info (12134): Parameter "wrcontrol_aclr_a" = "UNUSED"
    Info (12134): Parameter "wrcontrol_aclr_b" = "NONE"
    Info (12134): Parameter "wrcontrol_wraddress_reg_b" = "CLOCK1"
    Info (12134): Parameter "lpm_hint" = "ENABLE_RUNTIME_MOD=YES,INSTANCE_NAME=pal"
    Info (12134): Parameter "lpm_type" = "altsyncram"
Info (12021): Found 1 design units, including 1 entities, in source file db/altsyncram_a644.tdf
    Info (12023): Found entity 1: altsyncram_a644 File: /home/struktured/projects/NES_MiSTer-winner/db/altsyncram_a644.tdf Line: 28
Info (12128): Elaborating entity "altsyncram_a644" for hierarchy "emu:emu|video:video|spram:pal_ram|spram_sz:spram_sz|altsyncram:altsyncram_component|altsyncram_a644:auto_generated" File: /home/struktured/intelFPGA_lite/23.1std/quartus/libraries/megafunctions/altsyncram.tdf Line: 792
Info (12021): Found 1 design units, including 1 entities, in source file db/altsyncram_nk13.tdf
    Info (12023): Found entity 1: altsyncram_nk13 File: /home/struktured/projects/NES_MiSTer-winner/db/altsyncram_nk13.tdf Line: 28
Info (12128): Elaborating entity "altsyncram_nk13" for hierarchy "emu:emu|video:video|spram:pal_ram|spram_sz:spram_sz|altsyncram:altsyncram_component|altsyncram_a644:auto_generated|altsyncram_nk13:altsyncram1" File: /home/struktured/projects/NES_MiSTer-winner/db/altsyncram_a644.tdf Line: 37
Info (12128): Elaborating entity "sld_mod_ram_rom" for hierarchy "emu:emu|video:video|spram:pal_ram|spram_sz:spram_sz|altsyncram:altsyncram_component|altsyncram_a644:auto_generated|sld_mod_ram_rom:mgl_prim2" File: /home/struktured/projects/NES_MiSTer-winner/db/altsyncram_a644.tdf Line: 38
Info (12130): Elaborated megafunction instantiation "emu:emu|video:video|spram:pal_ram|spram_sz:spram_sz|altsyncram:altsyncram_component|altsyncram_a644:auto_generated|sld_mod_ram_rom:mgl_prim2" File: /home/struktured/projects/NES_MiSTer-winner/db/altsyncram_a644.tdf Line: 38
Info (12133): Instantiated megafunction "emu:emu|video:video|spram:pal_ram|spram_sz:spram_sz|altsyncram:altsyncram_component|altsyncram_a644:auto_generated|sld_mod_ram_rom:mgl_prim2" with the following parameter: File: /home/struktured/projects/NES_MiSTer-winner/db/altsyncram_a644.tdf Line: 38
    Info (12134): Parameter "CVALUE" = "000000000000000000000000"
    Info (12134): Parameter "IS_DATA_IN_RAM" = "1"
    Info (12134): Parameter "IS_READABLE" = "1"
    Info (12134): Parameter "NODE_NAME" = "1885432832"
    Info (12134): Parameter "NUMWORDS" = "64"
    Info (12134): Parameter "SHIFT_COUNT_BITS" = "5"
    Info (12134): Parameter "WIDTH_WORD" = "24"
    Info (12134): Parameter "WIDTHAD" = "6"
Info (12128): Elaborating entity "video_mixer" for hierarchy "emu:emu|video_mixer:video_mixer" File: /home/struktured/projects/NES_MiSTer-winner/NES.sv Line: 1066
Info (12128): Elaborating entity "video_freezer" for hierarchy "emu:emu|video_mixer:video_mixer|video_freezer:freezer" File: /home/struktured/projects/NES_MiSTer-winner/sys/video_mixer.sv Line: 81
Info (12128): Elaborating entity "sync_lock" for hierarchy "emu:emu|video_mixer:video_mixer|video_freezer:freezer|sync_lock:vs_lock" File: /home/struktured/projects/NES_MiSTer-winner/sys/video_freezer.sv Line: 47
Info (12128): Elaborating entity "sync_lock" for hierarchy "emu:emu|video_mixer:video_mixer|video_freezer:freezer|sync_lock:hs_lock" File: /home/struktured/projects/NES_MiSTer-winner/sys/video_freezer.sv Line: 59
Info (12128): Elaborating entity "gamma_corr" for hierarchy "emu:emu|video_mixer:video_mixer|gamma_corr:gamma" File: /home/struktured/projects/NES_MiSTer-winner/sys/video_mixer.sv Line: 131
Info (12128): Elaborating entity "scandoubler" for hierarchy "emu:emu|video_mixer:video_mixer|scandoubler:sd" File: /home/struktured/projects/NES_MiSTer-winner/sys/video_mixer.sv Line: 166
Info (12128): Elaborating entity "Hq2x" for hierarchy "emu:emu|video_mixer:video_mixer|scandoubler:sd|Hq2x:Hq2x" File: /home/struktured/projects/NES_MiSTer-winner/sys/scandoubler.v Line: 117
Info (12128): Elaborating entity "DiffCheck" for hierarchy "emu:emu|video_mixer:video_mixer|scandoubler:sd|Hq2x:Hq2x|DiffCheck:diffcheck0" File: /home/struktured/projects/NES_MiSTer-winner/sys/hq2x.sv Line: 69
Info (12128): Elaborating entity "Blend" for hierarchy "emu:emu|video_mixer:video_mixer|scandoubler:sd|Hq2x:Hq2x|Blend:blender" File: /home/struktured/projects/NES_MiSTer-winner/sys/hq2x.sv Line: 76
Info (12128): Elaborating entity "hq2x_in" for hierarchy "emu:emu|video_mixer:video_mixer|scandoubler:sd|Hq2x:Hq2x|hq2x_in:hq2x_in" File: /home/struktured/projects/NES_MiSTer-winner/sys/hq2x.sv Line: 115
Info (12128): Elaborating entity "hq2x_buf" for hierarchy "emu:emu|video_mixer:video_mixer|scandoubler:sd|Hq2x:Hq2x|hq2x_in:hq2x_in|hq2x_buf:buf0" File: /home/struktured/projects/NES_MiSTer-winner/sys/hq2x.sv Line: 245
Info (12128): Elaborating entity "hq2x_buf" for hierarchy "emu:emu|video_mixer:video_mixer|scandoubler:sd|Hq2x:Hq2x|hq2x_buf:hq2x_out" File: /home/struktured/projects/NES_MiSTer-winner/sys/hq2x.sv Line: 136
Info (12128): Elaborating entity "eReg_SavestateV" for hierarchy "emu:emu|eReg_SavestateV:iREG_SAVESTATE_Ext" File: /home/struktured/projects/NES_MiSTer-winner/NES.sv Line: 1208
Info (12128): Elaborating entity "ddram" for hierarchy "emu:emu|ddram:ddram" File: /home/struktured/projects/NES_MiSTer-winner/NES.sv Line: 1225
Info (12128): Elaborating entity "savestate_ui" for hierarchy "emu:emu|savestate_ui:savestate_ui" File: /home/struktured/projects/NES_MiSTer-winner/NES.sv Line: 1257
Info (11170): Starting IP generation for the debug fabric: alt_sld_fab.
Info (11172): 2026.08.05.20:22:14 Progress: Loading sld6ae269c5/alt_sld_fab_wrapper_hw.tcl
Info (11172): Alt_sld_fab.alt_sld_fab: SLD fabric agents which did not specify prefer_host were connected to JTAG
Info (11172): Alt_sld_fab: Generating alt_sld_fab "alt_sld_fab" for QUARTUS_SYNTH
Info (11172): Alt_sld_fab: "alt_sld_fab" instantiated alt_sld_fab "alt_sld_fab"
Info (11172): Presplit: "alt_sld_fab" instantiated altera_super_splitter "presplit"
Info (11172): Splitter: "alt_sld_fab" instantiated altera_sld_splitter "splitter"
Info (11172): Sldfabric: "alt_sld_fab" instantiated altera_sld_jtag_hub "sldfabric"
Info (11172): Ident: "alt_sld_fab" instantiated altera_connection_identification_hub "ident"
Info (11172): Alt_sld_fab: Done "alt_sld_fab" with 6 modules, 6 files
Info (11171): Finished IP generation for the debug fabric: alt_sld_fab.
Info (12021): Found 1 design units, including 1 entities, in source file db/ip/sld6ae269c5/alt_sld_fab.v
    Info (12023): Found entity 1: alt_sld_fab File: /home/struktured/projects/NES_MiSTer-winner/db/ip/sld6ae269c5/alt_sld_fab.v Line: 9
Info (12021): Found 1 design units, including 1 entities, in source file db/ip/sld6ae269c5/submodules/alt_sld_fab_alt_sld_fab.v
    Info (12023): Found entity 1: alt_sld_fab_alt_sld_fab File: /home/struktured/projects/NES_MiSTer-winner/db/ip/sld6ae269c5/submodules/alt_sld_fab_alt_sld_fab.v Line: 9
Info (12021): Found 1 design units, including 1 entities, in source file db/ip/sld6ae269c5/submodules/alt_sld_fab_alt_sld_fab_ident.sv
    Info (12023): Found entity 1: alt_sld_fab_alt_sld_fab_ident File: /home/struktured/projects/NES_MiSTer-winner/db/ip/sld6ae269c5/submodules/alt_sld_fab_alt_sld_fab_ident.sv Line: 33
Info (12021): Found 1 design units, including 1 entities, in source file db/ip/sld6ae269c5/submodules/alt_sld_fab_alt_sld_fab_presplit.sv
    Info (12023): Found entity 1: alt_sld_fab_alt_sld_fab_presplit File: /home/struktured/projects/NES_MiSTer-winner/db/ip/sld6ae269c5/submodules/alt_sld_fab_alt_sld_fab_presplit.sv Line: 3
Info (12021): Found 2 design units, including 1 entities, in source file db/ip/sld6ae269c5/submodules/alt_sld_fab_alt_sld_fab_sldfabric.vhd
    Info (12022): Found design unit 1: alt_sld_fab_alt_sld_fab_sldfabric-rtl File: /home/struktured/projects/NES_MiSTer-winner/db/ip/sld6ae269c5/submodules/alt_sld_fab_alt_sld_fab_sldfabric.vhd Line: 182
    Info (12023): Found entity 1: alt_sld_fab_alt_sld_fab_sldfabric File: /home/struktured/projects/NES_MiSTer-winner/db/ip/sld6ae269c5/submodules/alt_sld_fab_alt_sld_fab_sldfabric.vhd Line: 11
Info (12021): Found 1 design units, including 1 entities, in source file db/ip/sld6ae269c5/submodules/alt_sld_fab_alt_sld_fab_splitter.sv
    Info (12023): Found entity 1: alt_sld_fab_alt_sld_fab_splitter File: /home/struktured/projects/NES_MiSTer-winner/db/ip/sld6ae269c5/submodules/alt_sld_fab_alt_sld_fab_splitter.sv Line: 3
Warning (14284): Synthesized away the following node(s):
    Warning (14285): Synthesized away the following LCELL buffer node(s):
        Warning (14320): Synthesized away node "emu:emu|pll:pll|pll_0002:pll_inst|altera_pll:altera_pll_i|cntsel_temp[4]" File: /home/struktured/intelFPGA_lite/23.1std/quartus/libraries/megafunctions/altera_pll.v Line: 425
        Warning (14320): Synthesized away node "emu:emu|pll:pll|pll_0002:pll_inst|altera_pll:altera_pll_i|cntsel_temp[3]" File: /home/struktured/intelFPGA_lite/23.1std/quartus/libraries/megafunctions/altera_pll.v Line: 425
        Warning (14320): Synthesized away node "emu:emu|pll:pll|pll_0002:pll_inst|altera_pll:altera_pll_i|cntsel_temp[2]" File: /home/struktured/intelFPGA_lite/23.1std/quartus/libraries/megafunctions/altera_pll.v Line: 425
        Warning (14320): Synthesized away node "emu:emu|pll:pll|pll_0002:pll_inst|altera_pll:altera_pll_i|cntsel_temp[1]" File: /home/struktured/intelFPGA_lite/23.1std/quartus/libraries/megafunctions/altera_pll.v Line: 425
        Warning (14320): Synthesized away node "emu:emu|pll:pll|pll_0002:pll_inst|altera_pll:altera_pll_i|cntsel_temp[0]" File: /home/struktured/intelFPGA_lite/23.1std/quartus/libraries/megafunctions/altera_pll.v Line: 425
        Warning (14320): Synthesized away node "emu:emu|pll:pll|pll_0002:pll_inst|altera_pll:altera_pll_i|gnd" File: /home/struktured/intelFPGA_lite/23.1std/quartus/libraries/megafunctions/altera_pll.v Line: 427
        Warning (14320): Synthesized away node "pll_hdmi:pll_hdmi|pll_hdmi_0002:pll_hdmi_inst|altera_pll:altera_pll_i|cntsel_temp[4]" File: /home/struktured/intelFPGA_lite/23.1std/quartus/libraries/megafunctions/altera_pll.v Line: 425
        Warning (14320): Synthesized away node "pll_hdmi:pll_hdmi|pll_hdmi_0002:pll_hdmi_inst|altera_pll:altera_pll_i|cntsel_temp[3]" File: /home/struktured/intelFPGA_lite/23.1std/quartus/libraries/megafunctions/altera_pll.v Line: 425
        Warning (14320): Synthesized away node "pll_hdmi:pll_hdmi|pll_hdmi_0002:pll_hdmi_inst|altera_pll:altera_pll_i|cntsel_temp[2]" File: /home/struktured/intelFPGA_lite/23.1std/quartus/libraries/megafunctions/altera_pll.v Line: 425
        Warning (14320): Synthesized away node "pll_hdmi:pll_hdmi|pll_hdmi_0002:pll_hdmi_inst|altera_pll:altera_pll_i|cntsel_temp[1]" File: /home/struktured/intelFPGA_lite/23.1std/quartus/libraries/megafunctions/altera_pll.v Line: 425
        Warning (14320): Synthesized away node "pll_hdmi:pll_hdmi|pll_hdmi_0002:pll_hdmi_inst|altera_pll:altera_pll_i|cntsel_temp[0]" File: /home/struktured/intelFPGA_lite/23.1std/quartus/libraries/megafunctions/altera_pll.v Line: 425
        Warning (14320): Synthesized away node "pll_hdmi:pll_hdmi|pll_hdmi_0002:pll_hdmi_inst|altera_pll:altera_pll_i|gnd" File: /home/struktured/intelFPGA_lite/23.1std/quartus/libraries/megafunctions/altera_pll.v Line: 427
    Warning (14285): Synthesized away the following RAM node(s):
        Warning (14320): Synthesized away node "emu:emu|NES:nes|cart_top:multi_mapper|CoproDrMario:copro2|LeafEval:leafeval|dpram:slotram|altsyncram:altsyncram_component|altsyncram_7el2:auto_generated|q_a[6]" File: /home/struktured/projects/NES_MiSTer-winner/db/altsyncram_7el2.tdf Line: 284
        Warning (14320): Synthesized away node "emu:emu|NES:nes|cart_top:multi_mapper|CoproDrMario:copro2|LeafEval:leafeval|dpram:slotram|altsyncram:altsyncram_component|altsyncram_7el2:auto_generated|q_a[7]" File: /home/struktured/projects/NES_MiSTer-winner/db/altsyncram_7el2.tdf Line: 324
Info (286031): Timing-Driven Synthesis is running on partition "Top"
Info (276014): Found 3 instances of uninferred RAM logic
    Info (276004): RAM logic "emu:emu|NES:nes|cart_top:multi_mapper|CoproDrMario:copro2|copro6502:cpu6502|AXYS" is uninferred due to inappropriate RAM size File: /home/struktured/projects/NES_MiSTer-winner/rtl/mappers/copro6502.v Line: 49
    Info (276004): RAM logic "emu:emu|NES:nes|cart_top:multi_mapper|Mapper225:map225|ram" is uninferred due to inappropriate RAM size File: /home/struktured/projects/NES_MiSTer-winner/rtl/mappers/misc.sv Line: 2343
    Info (276007): RAM logic "ascal:ascal|pal1_mem" is uninferred due to asynchronous read logic File: /home/struktured/projects/NES_MiSTer-winner/sys/ascal.vhd Line: 458
Warning (13046): Tri-state node(s) do not directly drive top-level pin(s)
    Warning (13048): Converted tri-state node "emu:emu|NES:nes|cart_top:multi_mapper|audio_out_b[14]" into a selector File: /home/struktured/projects/NES_MiSTer-winner/rtl/nes.v Line: 535
    Warning (13048): Converted tri-state node "emu:emu|NES:nes|cart_top:multi_mapper|audio_out_b[13]" into a selector File: /home/struktured/projects/NES_MiSTer-winner/rtl/nes.v Line: 535
    Warning (13048): Converted tri-state node "emu:emu|NES:nes|cart_top:multi_mapper|audio_out_b[12]" into a selector File: /home/struktured/projects/NES_MiSTer-winner/rtl/nes.v Line: 535
    Warning (13048): Converted tri-state node "emu:emu|NES:nes|cart_top:multi_mapper|audio_out_b[11]" into a selector File: /home/struktured/projects/NES_MiSTer-winner/rtl/nes.v Line: 535
    Warning (13048): Converted tri-state node "emu:emu|NES:nes|cart_top:multi_mapper|audio_out_b[10]" into a selector File: /home/struktured/projects/NES_MiSTer-winner/rtl/nes.v Line: 535
    Warning (13048): Converted tri-state node "emu:emu|NES:nes|cart_top:multi_mapper|audio_out_b[9]" into a selector File: /home/struktured/projects/NES_MiSTer-winner/rtl/nes.v Line: 535
    Warning (13048): Converted tri-state node "emu:emu|NES:nes|cart_top:multi_mapper|audio_out_b[8]" into a selector File: /home/struktured/projects/NES_MiSTer-winner/rtl/nes.v Line: 535
    Warning (13048): Converted tri-state node "emu:emu|NES:nes|cart_top:multi_mapper|audio_out_b[7]" into a selector File: /home/struktured/projects/NES_MiSTer-winner/rtl/nes.v Line: 535
    Warning (13048): Converted tri-state node "emu:emu|NES:nes|cart_top:multi_mapper|audio_out_b[6]" into a selector File: /home/struktured/projects/NES_MiSTer-winner/rtl/nes.v Line: 535
    Warning (13048): Converted tri-state node "emu:emu|NES:nes|cart_top:multi_mapper|audio_out_b[5]" into a selector File: /home/struktured/projects/NES_MiSTer-winner/rtl/nes.v Line: 535
    Warning (13048): Converted tri-state node "emu:emu|NES:nes|cart_top:multi_mapper|audio_out_b[4]" into a selector File: /home/struktured/projects/NES_MiSTer-winner/rtl/nes.v Line: 535
    Warning (13048): Converted tri-state node "emu:emu|NES:nes|cart_top:multi_mapper|audio_out_b[3]" into a selector File: /home/struktured/projects/NES_MiSTer-winner/rtl/nes.v Line: 535
    Warning (13048): Converted tri-state node "emu:emu|NES:nes|cart_top:multi_mapper|audio_out_b[2]" into a selector File: /home/struktured/projects/NES_MiSTer-winner/rtl/nes.v Line: 535
    Warning (13048): Converted tri-state node "emu:emu|NES:nes|cart_top:multi_mapper|audio_out_b[1]" into a selector File: /home/struktured/projects/NES_MiSTer-winner/rtl/nes.v Line: 535
    Warning (13048): Converted tri-state node "emu:emu|NES:nes|cart_top:multi_mapper|audio_out_b[0]" into a selector File: /home/struktured/projects/NES_MiSTer-winner/rtl/nes.v Line: 535
    Warning (13048): Converted tri-state node "emu:emu|NES:nes|cart_top:multi_mapper|chr_dout_b[7]" into a selector File: /home/struktured/projects/NES_MiSTer-winner/rtl/cart.sv Line: 86
    Warning (13048): Converted tri-state node "emu:emu|NES:nes|cart_top:multi_mapper|chr_dout_b[6]" into a selector File: /home/struktured/projects/NES_MiSTer-winner/rtl/cart.sv Line: 86
    Warning (13048): Converted tri-state node "emu:emu|NES:nes|cart_top:multi_mapper|chr_dout_b[5]" into a selector File: /home/struktured/projects/NES_MiSTer-winner/rtl/cart.sv Line: 86
    Warning (13048): Converted tri-state node "emu:emu|NES:nes|cart_top:multi_mapper|chr_dout_b[4]" into a selector File: /home/struktured/projects/NES_MiSTer-winner/rtl/cart.sv Line: 86
    Warning (13048): Converted tri-state node "emu:emu|NES:nes|cart_top:multi_mapper|chr_dout_b[3]" into a selector File: /home/struktured/projects/NES_MiSTer-winner/rtl/cart.sv Line: 86
    Warning (13048): Converted tri-state node "emu:emu|NES:nes|cart_top:multi_mapper|chr_dout_b[2]" into a selector File: /home/struktured/projects/NES_MiSTer-winner/rtl/cart.sv Line: 86
    Warning (13048): Converted tri-state node "emu:emu|NES:nes|cart_top:multi_mapper|chr_dout_b[1]" into a selector File: /home/struktured/projects/NES_MiSTer-winner/rtl/cart.sv Line: 86
    Warning (13048): Converted tri-state node "emu:emu|NES:nes|cart_top:multi_mapper|chr_dout_b[0]" into a selector File: /home/struktured/projects/NES_MiSTer-winner/rtl/cart.sv Line: 86
Warning (13046): Tri-state node(s) do not directly drive top-level pin(s)
    Warning (13048): Converted tri-state node "emu:emu|NES:nes|cart_top:multi_mapper|chr_addr_b[9]" into a selector File: /home/struktured/projects/NES_MiSTer-winner/rtl/cart.sv Line: 84
    Warning (13048): Converted tri-state node "emu:emu|NES:nes|cart_top:multi_mapper|chr_addr_b[8]" into a selector File: /home/struktured/projects/NES_MiSTer-winner/rtl/cart.sv Line: 84
    Warning (13048): Converted tri-state node "emu:emu|NES:nes|cart_top:multi_mapper|chr_addr_b[7]" into a selector File: /home/struktured/projects/NES_MiSTer-winner/rtl/cart.sv Line: 84
    Warning (13048): Converted tri-state node "emu:emu|NES:nes|cart_top:multi_mapper|chr_addr_b[6]" into a selector File: /home/struktured/projects/NES_MiSTer-winner/rtl/cart.sv Line: 84
    Warning (13048): Converted tri-state node "emu:emu|NES:nes|cart_top:multi_mapper|chr_addr_b[5]" into a selector File: /home/struktured/projects/NES_MiSTer-winner/rtl/cart.sv Line: 84
    Warning (13048): Converted tri-state node "emu:emu|NES:nes|cart_top:multi_mapper|chr_addr_b[4]" into a selector File: /home/struktured/projects/NES_MiSTer-winner/rtl/cart.sv Line: 84
    Warning (13048): Converted tri-state node "emu:emu|NES:nes|cart_top:multi_mapper|chr_addr_b[3]" into a selector File: /home/struktured/projects/NES_MiSTer-winner/rtl/cart.sv Line: 84
    Warning (13048): Converted tri-state node "emu:emu|NES:nes|cart_top:multi_mapper|chr_addr_b[2]" into a selector File: /home/struktured/projects/NES_MiSTer-winner/rtl/cart.sv Line: 84
    Warning (13048): Converted tri-state node "emu:emu|NES:nes|cart_top:multi_mapper|chr_addr_b[1]" into a selector File: /home/struktured/projects/NES_MiSTer-winner/rtl/cart.sv Line: 84
    Warning (13048): Converted tri-state node "emu:emu|NES:nes|cart_top:multi_mapper|chr_addr_b[0]" into a selector File: /home/struktured/projects/NES_MiSTer-winner/rtl/cart.sv Line: 84
    Warning (13049): Converted tri-state buffer "emu:emu|NES:nes|cart_top:multi_mapper|MapperFDS:mapfds|diskside_b[0]~synth" feeding internal logic into a wire File: /home/struktured/projects/NES_MiSTer-winner/rtl/mappers/FDS.sv Line: 28
    Warning (13049): Converted tri-state buffer "emu:emu|NES:nes|cart_top:multi_mapper|MapperFDS:mapfds|diskside_b[1]~synth" feeding internal logic into a wire File: /home/struktured/projects/NES_MiSTer-winner/rtl/mappers/FDS.sv Line: 28
Warning (13046): Tri-state node(s) do not directly drive top-level pin(s)
    Warning (13048): Converted tri-state node "emu:emu|NES:nes|cart_top:multi_mapper|prg_allow_b" into a selector File: /home/struktured/projects/NES_MiSTer-winner/rtl/cart.sv Line: 83
    Warning (13048): Converted tri-state node "emu:emu|NES:nes|cart_top:multi_mapper|vram_a10_b" into a selector File: /home/struktured/projects/NES_MiSTer-winner/rtl/cart.sv Line: 83
    Warning (13048): Converted tri-state node "emu:emu|NES:nes|cart_top:multi_mapper|vram_ce_b" into a selector File: /home/struktured/projects/NES_MiSTer-winner/rtl/cart.sv Line: 83
    Warning (13048): Converted tri-state node "emu:emu|NES:nes|cart_top:multi_mapper|chr_allow_b" into a selector File: /home/struktured/projects/NES_MiSTer-winner/rtl/cart.sv Line: 83
    Warning (13048): Converted tri-state node "emu:emu|NES:nes|cart_top:multi_mapper|irq_b" into a selector File: /home/struktured/projects/NES_MiSTer-winner/rtl/cart.sv Line: 83
    Warning (13048): Converted tri-state node "emu:emu|NES:nes|cart_top:multi_mapper|prg_addr_b[21]" into a selector File: /home/struktured/projects/NES_MiSTer-winner/rtl/cart.sv Line: 84
    Warning (13048): Converted tri-state node "emu:emu|NES:nes|cart_top:multi_mapper|prg_addr_b[20]" into a selector File: /home/struktured/projects/NES_MiSTer-winner/rtl/cart.sv Line: 84
    Warning (13048): Converted tri-state node "emu:emu|NES:nes|cart_top:multi_mapper|prg_addr_b[19]" into a selector File: /home/struktured/projects/NES_MiSTer-winner/rtl/cart.sv Line: 84
    Warning (13048): Converted tri-state node "emu:emu|NES:nes|cart_top:multi_mapper|prg_addr_b[18]" into a selector File: /home/struktured/projects/NES_MiSTer-winner/rtl/cart.sv Line: 84
    Warning (13048): Converted tri-state node "emu:emu|NES:nes|cart_top:multi_mapper|prg_addr_b[17]" into a selector File: /home/struktured/projects/NES_MiSTer-winner/rtl/cart.sv Line: 84
    Warning (13048): Converted tri-state node "emu:emu|NES:nes|cart_top:multi_mapper|prg_addr_b[16]" into a selector File: /home/struktured/projects/NES_MiSTer-winner/rtl/cart.sv Line: 84
    Warning (13048): Converted tri-state node "emu:emu|NES:nes|cart_top:multi_mapper|prg_addr_b[15]" into a selector File: /home/struktured/projects/NES_MiSTer-winner/rtl/cart.sv Line: 84
    Warning (13048): Converted tri-state node "emu:emu|NES:nes|cart_top:multi_mapper|prg_addr_b[14]" into a selector File: /home/struktured/projects/NES_MiSTer-winner/rtl/cart.sv Line: 84
    Warning (13048): Converted tri-state node "emu:emu|NES:nes|cart_top:multi_mapper|prg_addr_b[13]" into a selector File: /home/struktured/projects/NES_MiSTer-winner/rtl/cart.sv Line: 84
    Warning (13048): Converted tri-state node "emu:emu|NES:nes|cart_top:multi_mapper|prg_addr_b[12]" into a selector File: /home/struktured/projects/NES_MiSTer-winner/rtl/cart.sv Line: 84
    Warning (13048): Converted tri-state node "emu:emu|NES:nes|cart_top:multi_mapper|prg_addr_b[11]" into a selector File: /home/struktured/projects/NES_MiSTer-winner/rtl/cart.sv Line: 84
    Warning (13048): Converted tri-state node "emu:emu|NES:nes|cart_top:multi_mapper|prg_addr_b[10]" into a selector File: /home/struktured/projects/NES_MiSTer-winner/rtl/cart.sv Line: 84
    Warning (13048): Converted tri-state node "emu:emu|NES:nes|cart_top:multi_mapper|prg_addr_b[9]" into a selector File: /home/struktured/projects/NES_MiSTer-winner/rtl/cart.sv Line: 84
    Warning (13048): Converted tri-state node "emu:emu|NES:nes|cart_top:multi_mapper|prg_addr_b[8]" into a selector File: /home/struktured/projects/NES_MiSTer-winner/rtl/cart.sv Line: 84
    Warning (13048): Converted tri-state node "emu:emu|NES:nes|cart_top:multi_mapper|prg_addr_b[7]" into a selector File: /home/struktured/projects/NES_MiSTer-winner/rtl/cart.sv Line: 84
    Warning (13048): Converted tri-state node "emu:emu|NES:nes|cart_top:multi_mapper|prg_addr_b[6]" into a selector File: /home/struktured/projects/NES_MiSTer-winner/rtl/cart.sv Line: 84
    Warning (13048): Converted tri-state node "emu:emu|NES:nes|cart_top:multi_mapper|prg_addr_b[5]" into a selector File: /home/struktured/projects/NES_MiSTer-winner/rtl/cart.sv Line: 84
    Warning (13048): Converted tri-state node "emu:emu|NES:nes|cart_top:multi_mapper|prg_addr_b[4]" into a selector File: /home/struktured/projects/NES_MiSTer-winner/rtl/cart.sv Line: 84
    Warning (13048): Converted tri-state node "emu:emu|NES:nes|cart_top:multi_mapper|prg_addr_b[3]" into a selector File: /home/struktured/projects/NES_MiSTer-winner/rtl/cart.sv Line: 84
    Warning (13048): Converted tri-state node "emu:emu|NES:nes|cart_top:multi_mapper|prg_addr_b[2]" into a selector File: /home/struktured/projects/NES_MiSTer-winner/rtl/cart.sv Line: 84
    Warning (13048): Converted tri-state node "emu:emu|NES:nes|cart_top:multi_mapper|prg_addr_b[1]" into a selector File: /home/struktured/projects/NES_MiSTer-winner/rtl/cart.sv Line: 84
    Warning (13048): Converted tri-state node "emu:emu|NES:nes|cart_top:multi_mapper|prg_addr_b[0]" into a selector File: /home/struktured/projects/NES_MiSTer-winner/rtl/cart.sv Line: 84
    Warning (13048): Converted tri-state node "emu:emu|NES:nes|cart_top:multi_mapper|chr_addr_b[21]" into a selector File: /home/struktured/projects/NES_MiSTer-winner/rtl/cart.sv Line: 84
    Warning (13048): Converted tri-state node "emu:emu|NES:nes|cart_top:multi_mapper|chr_addr_b[20]" into a selector File: /home/struktured/projects/NES_MiSTer-winner/rtl/cart.sv Line: 84
    Warning (13048): Converted tri-state node "emu:emu|NES:nes|cart_top:multi_mapper|chr_addr_b[19]" into a selector File: /home/struktured/projects/NES_MiSTer-winner/rtl/cart.sv Line: 84
    Warning (13048): Converted tri-state node "emu:emu|NES:nes|cart_top:multi_mapper|chr_addr_b[18]" into a selector File: /home/struktured/projects/NES_MiSTer-winner/rtl/cart.sv Line: 84
    Warning (13048): Converted tri-state node "emu:emu|NES:nes|cart_top:multi_mapper|chr_addr_b[17]" into a selector File: /home/struktured/projects/NES_MiSTer-winner/rtl/cart.sv Line: 84
    Warning (13048): Converted tri-state node "emu:emu|NES:nes|cart_top:multi_mapper|chr_addr_b[16]" into a selector File: /home/struktured/projects/NES_MiSTer-winner/rtl/cart.sv Line: 84
    Warning (13048): Converted tri-state node "emu:emu|NES:nes|cart_top:multi_mapper|chr_addr_b[15]" into a selector File: /home/struktured/projects/NES_MiSTer-winner/rtl/cart.sv Line: 84
    Warning (13048): Converted tri-state node "emu:emu|NES:nes|cart_top:multi_mapper|chr_addr_b[14]" into a selector File: /home/struktured/projects/NES_MiSTer-winner/rtl/cart.sv Line: 84
    Warning (13048): Converted tri-state node "emu:emu|NES:nes|cart_top:multi_mapper|chr_addr_b[13]" into a selector File: /home/struktured/projects/NES_MiSTer-winner/rtl/cart.sv Line: 84
    Warning (13048): Converted tri-state node "emu:emu|NES:nes|cart_top:multi_mapper|chr_addr_b[12]" into a selector File: /home/struktured/projects/NES_MiSTer-winner/rtl/cart.sv Line: 84
    Warning (13048): Converted tri-state node "emu:emu|NES:nes|cart_top:multi_mapper|chr_addr_b[11]" into a selector File: /home/struktured/projects/NES_MiSTer-winner/rtl/cart.sv Line: 84
    Warning (13048): Converted tri-state node "emu:emu|NES:nes|cart_top:multi_mapper|chr_addr_b[10]" into a selector File: /home/struktured/projects/NES_MiSTer-winner/rtl/cart.sv Line: 84
    Warning (13048): Converted tri-state node "emu:emu|NES:nes|cart_top:multi_mapper|flags_out_b[5]" into a selector File: /home/struktured/projects/NES_MiSTer-winner/rtl/cart.sv Line: 85
    Warning (13048): Converted tri-state node "emu:emu|NES:nes|cart_top:multi_mapper|flags_out_b[4]" into a selector File: /home/struktured/projects/NES_MiSTer-winner/rtl/cart.sv Line: 85
    Warning (13048): Converted tri-state node "emu:emu|NES:nes|cart_top:multi_mapper|flags_out_b[3]" into a selector File: /home/struktured/projects/NES_MiSTer-winner/rtl/cart.sv Line: 85
    Warning (13048): Converted tri-state node "emu:emu|NES:nes|cart_top:multi_mapper|flags_out_b[2]" into a selector File: /home/struktured/projects/NES_MiSTer-winner/rtl/cart.sv Line: 85
    Warning (13048): Converted tri-state node "emu:emu|NES:nes|cart_top:multi_mapper|flags_out_b[1]" into a selector File: /home/struktured/projects/NES_MiSTer-winner/rtl/cart.sv Line: 34
    Warning (13048): Converted tri-state node "emu:emu|NES:nes|cart_top:multi_mapper|flags_out_b[0]" into a selector File: /home/struktured/projects/NES_MiSTer-winner/rtl/cart.sv Line: 85
    Warning (13048): Converted tri-state node "emu:emu|NES:nes|cart_top:multi_mapper|audio_out_b[15]" into a selector File: /home/struktured/projects/NES_MiSTer-winner/rtl/cart.sv Line: 85
    Warning (13048): Converted tri-state node "emu:emu|NES:nes|cart_top:multi_mapper|prg_dout_b[7]" into a selector File: /home/struktured/projects/NES_MiSTer-winner/rtl/cart.sv Line: 86
    Warning (13048): Converted tri-state node "emu:emu|NES:nes|cart_top:multi_mapper|prg_dout_b[6]" into a selector File: /home/struktured/projects/NES_MiSTer-winner/rtl/cart.sv Line: 86
    Warning (13048): Converted tri-state node "emu:emu|NES:nes|cart_top:multi_mapper|prg_dout_b[5]" into a selector File: /home/struktured/projects/NES_MiSTer-winner/rtl/cart.sv Line: 86
    Warning (13048): Converted tri-state node "emu:emu|NES:nes|cart_top:multi_mapper|prg_dout_b[4]" into a selector File: /home/struktured/projects/NES_MiSTer-winner/rtl/cart.sv Line: 86
    Warning (13048): Converted tri-state node "emu:emu|NES:nes|cart_top:multi_mapper|prg_dout_b[3]" into a selector File: /home/struktured/projects/NES_MiSTer-winner/rtl/cart.sv Line: 86
    Warning (13048): Converted tri-state node "emu:emu|NES:nes|cart_top:multi_mapper|prg_dout_b[2]" into a selector File: /home/struktured/projects/NES_MiSTer-winner/rtl/cart.sv Line: 86
    Warning (13048): Converted tri-state node "emu:emu|NES:nes|cart_top:multi_mapper|prg_dout_b[1]" into a selector File: /home/struktured/projects/NES_MiSTer-winner/rtl/cart.sv Line: 86
    Warning (13048): Converted tri-state node "emu:emu|NES:nes|cart_top:multi_mapper|prg_dout_b[0]" into a selector File: /home/struktured/projects/NES_MiSTer-winner/rtl/cart.sv Line: 86
    Warning (13049): Converted tri-state buffer "emu:emu|NES:nes|cart_top:multi_mapper|NesEvent:nesev|MMC1:mmc1_nesevent|chr_aout_b[13]~synth" feeding internal logic into a wire File: /home/struktured/projects/NES_MiSTer-winner/rtl/mappers/MMC1.sv Line: 17
    Warning (13049): Converted tri-state buffer "emu:emu|NES:nes|cart_top:multi_mapper|NesEvent:nesev|MMC1:mmc1_nesevent|chr_aout_b[14]~synth" feeding internal logic into a wire File: /home/struktured/projects/NES_MiSTer-winner/rtl/mappers/MMC1.sv Line: 17
    Warning (13049): Converted tri-state buffer "emu:emu|NES:nes|cart_top:multi_mapper|NesEvent:nesev|MMC1:mmc1_nesevent|chr_aout_b[15]~synth" feeding internal logic into a wire File: /home/struktured/projects/NES_MiSTer-winner/rtl/mappers/MMC1.sv Line: 17
    Warning (13049): Converted tri-state buffer "emu:emu|NES:nes|cart_top:multi_mapper|NesEvent:nesev|MMC1:mmc1_nesevent|chr_aout_b[16]~synth" feeding internal logic into a wire File: /home/struktured/projects/NES_MiSTer-winner/rtl/mappers/MMC1.sv Line: 17
    Warning (13049): Converted tri-state buffer "emu:emu|NES:nes|cart_top:multi_mapper|NesEvent:nesev|MMC1:mmc1_nesevent|prg_aout_b[14]~synth" feeding internal logic into a wire File: /home/struktured/projects/NES_MiSTer-winner/rtl/mappers/MMC1.sv Line: 10
    Warning (13049): Converted tri-state buffer "emu:emu|NES:nes|cart_top:multi_mapper|NesEvent:nesev|MMC1:mmc1_nesevent|prg_aout_b[15]~synth" feeding internal logic into a wire File: /home/struktured/projects/NES_MiSTer-winner/rtl/mappers/MMC1.sv Line: 10
    Warning (13049): Converted tri-state buffer "emu:emu|NES:nes|cart_top:multi_mapper|NesEvent:nesev|MMC1:mmc1_nesevent|prg_aout_b[16]~synth" feeding internal logic into a wire File: /home/struktured/projects/NES_MiSTer-winner/rtl/mappers/MMC1.sv Line: 10
    Warning (13049): Converted tri-state buffer "emu:emu|NES:nes|cart_top:multi_mapper|NesEvent:nesev|MMC1:mmc1_nesevent|prg_aout_b[17]~synth" feeding internal logic into a wire File: /home/struktured/projects/NES_MiSTer-winner/rtl/mappers/MMC1.sv Line: 10
    Warning (13049): Converted tri-state buffer "emu:emu|NES:nes|cart_top:multi_mapper|NesEvent:nesev|MMC1:mmc1_nesevent|prg_aout_b[18]~synth" feeding internal logic into a wire File: /home/struktured/projects/NES_MiSTer-winner/rtl/mappers/MMC1.sv Line: 10
    Warning (13049): Converted tri-state buffer "emu:emu|NES:nes|cart_top:multi_mapper|NesEvent:nesev|MMC1:mmc1_nesevent|prg_aout_b[19]~synth" feeding internal logic into a wire File: /home/struktured/projects/NES_MiSTer-winner/rtl/mappers/MMC1.sv Line: 10
    Warning (13049): Converted tri-state buffer "emu:emu|NES:nes|cart_top:multi_mapper|NesEvent:nesev|MMC1:mmc1_nesevent|prg_aout_b[20]~synth" feeding internal logic into a wire File: /home/struktured/projects/NES_MiSTer-winner/rtl/mappers/MMC1.sv Line: 10
    Warning (13049): Converted tri-state buffer "emu:emu|NES:nes|cart_top:multi_mapper|NesEvent:nesev|MMC1:mmc1_nesevent|prg_aout_b[21]~synth" feeding internal logic into a wire File: /home/struktured/projects/NES_MiSTer-winner/rtl/mappers/MMC1.sv Line: 10
Warning (13046): Tri-state node(s) do not directly drive top-level pin(s)
    Warning (13049): Converted tri-state buffer "emu:emu|SD_CS" feeding internal logic into a wire File: /home/struktured/projects/NES_MiSTer-winner/sys/emu_ports.vh Line: 95
Info (19000): Inferred 28 megafunctions from design logic
    Info (276029): Inferred altsyncram megafunction from the following design logic: "emu:emu|video_mixer:video_mixer|scandoubler:sd|Hq2x:Hq2x|hq2x_buf:hq2x_out|ram_rtl_0" 
        Info (286033): Parameter OPERATION_MODE set to DUAL_PORT
        Info (286033): Parameter WIDTH_A set to 96
        Info (286033): Parameter WIDTHAD_A set to 10
        Info (286033): Parameter NUMWORDS_A set to 520
        Info (286033): Parameter WIDTH_B set to 96
        Info (286033): Parameter WIDTHAD_B set to 10
        Info (286033): Parameter NUMWORDS_B set to 520
        Info (286033): Parameter ADDRESS_ACLR_A set to NONE
        Info (286033): Parameter OUTDATA_REG_B set to UNREGISTERED
        Info (286033): Parameter ADDRESS_ACLR_B set to NONE
        Info (286033): Parameter OUTDATA_ACLR_B set to NONE
        Info (286033): Parameter ADDRESS_REG_B set to CLOCK0
        Info (286033): Parameter INDATA_ACLR_A set to NONE
        Info (286033): Parameter WRCONTROL_ACLR_A set to NONE
        Info (286033): Parameter READ_DURING_WRITE_MODE_MIXED_PORTS set to OLD_DATA
    Info (276029): Inferred altsyncram megafunction from the following design logic: "emu:emu|video_mixer:video_mixer|scandoubler:sd|Hq2x:Hq2x|hq2x_in:hq2x_in|hq2x_buf:buf1|ram_rtl_0" 
        Info (286033): Parameter OPERATION_MODE set to DUAL_PORT
        Info (286033): Parameter WIDTH_A set to 24
        Info (286033): Parameter WIDTHAD_A set to 9
        Info (286033): Parameter NUMWORDS_A set to 260
        Info (286033): Parameter WIDTH_B set to 24
        Info (286033): Parameter WIDTHAD_B set to 9
        Info (286033): Parameter NUMWORDS_B set to 260
        Info (286033): Parameter ADDRESS_ACLR_A set to NONE
        Info (286033): Parameter OUTDATA_REG_B set to UNREGISTERED
        Info (286033): Parameter ADDRESS_ACLR_B set to NONE
        Info (286033): Parameter OUTDATA_ACLR_B set to NONE
        Info (286033): Parameter ADDRESS_REG_B set to CLOCK0
        Info (286033): Parameter INDATA_ACLR_A set to NONE
        Info (286033): Parameter WRCONTROL_ACLR_A set to NONE
        Info (286033): Parameter READ_DURING_WRITE_MODE_MIXED_PORTS set to OLD_DATA
    Info (276029): Inferred altsyncram megafunction from the following design logic: "emu:emu|video_mixer:video_mixer|scandoubler:sd|Hq2x:Hq2x|hq2x_in:hq2x_in|hq2x_buf:buf0|ram_rtl_0" 
        Info (286033): Parameter OPERATION_MODE set to DUAL_PORT
        Info (286033): Parameter WIDTH_A set to 24
        Info (286033): Parameter WIDTHAD_A set to 9
        Info (286033): Parameter NUMWORDS_A set to 260
        Info (286033): Parameter WIDTH_B set to 24
        Info (286033): Parameter WIDTHAD_B set to 9
        Info (286033): Parameter NUMWORDS_B set to 260
        Info (286033): Parameter ADDRESS_ACLR_A set to NONE
        Info (286033): Parameter OUTDATA_REG_B set to UNREGISTERED
        Info (286033): Parameter ADDRESS_ACLR_B set to NONE
        Info (286033): Parameter OUTDATA_ACLR_B set to NONE
        Info (286033): Parameter ADDRESS_REG_B set to CLOCK0
        Info (286033): Parameter INDATA_ACLR_A set to NONE
        Info (286033): Parameter WRCONTROL_ACLR_A set to NONE
        Info (286033): Parameter READ_DURING_WRITE_MODE_MIXED_PORTS set to OLD_DATA
    Info (276029): Inferred altsyncram megafunction from the following design logic: "emu:emu|video_mixer:video_mixer|gamma_corr:gamma|gamma_curve_rtl_0" 
        Info (286033): Parameter OPERATION_MODE set to DUAL_PORT
        Info (286033): Parameter WIDTH_A set to 8
        Info (286033): Parameter WIDTHAD_A set to 10
        Info (286033): Parameter NUMWORDS_A set to 768
        Info (286033): Parameter WIDTH_B set to 8
        Info (286033): Parameter WIDTHAD_B set to 10
        Info (286033): Parameter NUMWORDS_B set to 768
        Info (286033): Parameter ADDRESS_ACLR_A set to NONE
        Info (286033): Parameter OUTDATA_REG_B set to UNREGISTERED
        Info (286033): Parameter ADDRESS_ACLR_B set to NONE
        Info (286033): Parameter OUTDATA_ACLR_B set to NONE
        Info (286033): Parameter ADDRESS_REG_B set to CLOCK1
        Info (286033): Parameter INDATA_ACLR_A set to NONE
        Info (286033): Parameter WRCONTROL_ACLR_A set to NONE
    Info (276029): Inferred altsyncram megafunction from the following design logic: "emu:emu|NES:nes|cart_top:multi_mapper|CoproDrMario:copro2|rom_rtl_0" 
        Info (286033): Parameter OPERATION_MODE set to ROM
        Info (286033): Parameter WIDTH_A set to 8
        Info (286033): Parameter WIDTHAD_A set to 14
        Info (286033): Parameter NUMWORDS_A set to 16384
        Info (286033): Parameter OUTDATA_REG_A set to UNREGISTERED
        Info (286033): Parameter ADDRESS_ACLR_A set to NONE
        Info (286033): Parameter OUTDATA_ACLR_A set to NONE
        Info (286033): Parameter INDATA_ACLR_A set to NONE
        Info (286033): Parameter WRCONTROL_ACLR_A set to NONE
        Info (286033): Parameter INIT_FILE set to db/NES.ram0_CoproDrMario_15c5156a.hdl.mif
    Info (276029): Inferred altsyncram megafunction from the following design logic: "emu:emu|NES:nes|cart_top:multi_mapper|CoproDrMario:copro2|LeafEval:leafeval|blink_rtl_0" 
        Info (286033): Parameter OPERATION_MODE set to DUAL_PORT
        Info (286033): Parameter WIDTH_A set to 3
        Info (286033): Parameter WIDTHAD_A set to 7
        Info (286033): Parameter NUMWORDS_A set to 128
        Info (286033): Parameter WIDTH_B set to 3
        Info (286033): Parameter WIDTHAD_B set to 7
        Info (286033): Parameter NUMWORDS_B set to 128
        Info (286033): Parameter ADDRESS_ACLR_A set to NONE
        Info (286033): Parameter OUTDATA_REG_B set to UNREGISTERED
        Info (286033): Parameter ADDRESS_ACLR_B set to NONE
        Info (286033): Parameter OUTDATA_ACLR_B set to NONE
        Info (286033): Parameter ADDRESS_REG_B set to CLOCK0
        Info (286033): Parameter INDATA_ACLR_A set to NONE
        Info (286033): Parameter WRCONTROL_ACLR_A set to NONE
        Info (286033): Parameter READ_DURING_WRITE_MODE_MIXED_PORTS set to OLD_DATA
    Info (276029): Inferred altsyncram megafunction from the following design logic: "emu:emu|NES:nes|cart_top:multi_mapper|vrc7_mixed:snd_vrc7|eseopll:ym2143vrc7|opll:U1|OutputGenerator:og|OutputMemory:Mmem|data_array_rtl_0" 
        Info (286033): Parameter OPERATION_MODE set to DUAL_PORT
        Info (286033): Parameter WIDTH_A set to 10
        Info (286033): Parameter WIDTHAD_A set to 5
        Info (286033): Parameter NUMWORDS_A set to 19
        Info (286033): Parameter WIDTH_B set to 10
        Info (286033): Parameter WIDTHAD_B set to 5
        Info (286033): Parameter NUMWORDS_B set to 19
        Info (286033): Parameter ADDRESS_ACLR_A set to NONE
        Info (286033): Parameter OUTDATA_REG_B set to UNREGISTERED
        Info (286033): Parameter ADDRESS_ACLR_B set to NONE
        Info (286033): Parameter OUTDATA_ACLR_B set to NONE
        Info (286033): Parameter ADDRESS_REG_B set to CLOCK0
        Info (286033): Parameter INDATA_ACLR_A set to NONE
        Info (286033): Parameter WRCONTROL_ACLR_A set to NONE
        Info (286033): Parameter READ_DURING_WRITE_MODE_MIXED_PORTS set to OLD_DATA
        Info (286033): Parameter RDCONTROL_REG_B set to CLOCK0
    Info (276029): Inferred altsyncram megafunction from the following design logic: "emu:emu|NES:nes|cart_top:multi_mapper|vrc7_mixed:snd_vrc7|eseopll:ym2143vrc7|opll:U1|OutputGenerator:og|OutputMemory:Mmem|data_array_rtl_1" 
        Info (286033): Parameter OPERATION_MODE set to DUAL_PORT
        Info (286033): Parameter WIDTH_A set to 10
        Info (286033): Parameter WIDTHAD_A set to 5
        Info (286033): Parameter NUMWORDS_A set to 19
        Info (286033): Parameter WIDTH_B set to 10
        Info (286033): Parameter WIDTHAD_B set to 5
        Info (286033): Parameter NUMWORDS_B set to 19
        Info (286033): Parameter ADDRESS_ACLR_A set to NONE
        Info (286033): Parameter OUTDATA_REG_B set to UNREGISTERED
        Info (286033): Parameter ADDRESS_ACLR_B set to NONE
        Info (286033): Parameter OUTDATA_ACLR_B set to NONE
        Info (286033): Parameter ADDRESS_REG_B set to CLOCK0
        Info (286033): Parameter INDATA_ACLR_A set to NONE
        Info (286033): Parameter WRCONTROL_ACLR_A set to NONE
        Info (286033): Parameter READ_DURING_WRITE_MODE_MIXED_PORTS set to OLD_DATA
        Info (286033): Parameter RDCONTROL_REG_B set to CLOCK0
    Info (276029): Inferred altsyncram megafunction from the following design logic: "emu:emu|NES:nes|cart_top:multi_mapper|vrc7_mixed:snd_vrc7|eseopll:ym2143vrc7|opll:U1|OutputGenerator:og|FeedbackMemory:Fmem|data_array_rtl_0" 
        Info (286033): Parameter OPERATION_MODE set to DUAL_PORT
        Info (286033): Parameter WIDTH_A set to 10
        Info (286033): Parameter WIDTHAD_A set to 4
        Info (286033): Parameter NUMWORDS_A set to 9
        Info (286033): Parameter WIDTH_B set to 10
        Info (286033): Parameter WIDTHAD_B set to 4
        Info (286033): Parameter NUMWORDS_B set to 9
        Info (286033): Parameter ADDRESS_ACLR_A set to NONE
        Info (286033): Parameter OUTDATA_REG_B set to UNREGISTERED
        Info (286033): Parameter ADDRESS_ACLR_B set to NONE
        Info (286033): Parameter OUTDATA_ACLR_B set to NONE
        Info (286033): Parameter ADDRESS_REG_B set to CLOCK0
        Info (286033): Parameter INDATA_ACLR_A set to NONE
        Info (286033): Parameter WRCONTROL_ACLR_A set to NONE
        Info (286033): Parameter READ_DURING_WRITE_MODE_MIXED_PORTS set to OLD_DATA
        Info (286033): Parameter RDCONTROL_REG_B set to CLOCK0
    Info (276029): Inferred altsyncram megafunction from the following design logic: "emu:emu|NES:nes|cart_top:multi_mapper|vrc7_mixed:snd_vrc7|eseopll:ym2143vrc7|opll:U1|PhaseGenerator:pg|PhaseMemory:MEM|phase_array_rtl_0" 
        Info (286033): Parameter OPERATION_MODE set to DUAL_PORT
        Info (286033): Parameter WIDTH_A set to 18
        Info (286033): Parameter WIDTHAD_A set to 5
        Info (286033): Parameter NUMWORDS_A set to 18
        Info (286033): Parameter WIDTH_B set to 18
        Info (286033): Parameter WIDTHAD_B set to 5
        Info (286033): Parameter NUMWORDS_B set to 18
        Info (286033): Parameter ADDRESS_ACLR_A set to NONE
        Info (286033): Parameter OUTDATA_REG_B set to UNREGISTERED
        Info (286033): Parameter ADDRESS_ACLR_B set to NONE
        Info (286033): Parameter OUTDATA_ACLR_B set to NONE
        Info (286033): Parameter ADDRESS_REG_B set to CLOCK0
        Info (286033): Parameter INDATA_ACLR_A set to NONE
        Info (286033): Parameter WRCONTROL_ACLR_A set to NONE
        Info (286033): Parameter READ_DURING_WRITE_MODE_MIXED_PORTS set to OLD_DATA
        Info (286033): Parameter RDCONTROL_REG_B set to CLOCK0
    Info (276029): Inferred altsyncram megafunction from the following design logic: "emu:emu|NES:nes|cart_top:multi_mapper|vrc7_mixed:snd_vrc7|eseopll:ym2143vrc7|opll:U1|envelopegenerator:eg|EnvelopeMemory:u_envelope_memory|egdata_set_rtl_0" 
        Info (286033): Parameter OPERATION_MODE set to DUAL_PORT
        Info (286033): Parameter WIDTH_A set to 25
        Info (286033): Parameter WIDTHAD_A set to 5
        Info (286033): Parameter NUMWORDS_A set to 18
        Info (286033): Parameter WIDTH_B set to 25
        Info (286033): Parameter WIDTHAD_B set to 5
        Info (286033): Parameter NUMWORDS_B set to 18
        Info (286033): Parameter ADDRESS_ACLR_A set to NONE
        Info (286033): Parameter OUTDATA_REG_B set to UNREGISTERED
        Info (286033): Parameter ADDRESS_ACLR_B set to NONE
        Info (286033): Parameter OUTDATA_ACLR_B set to NONE
        Info (286033): Parameter ADDRESS_REG_B set to CLOCK0
        Info (286033): Parameter INDATA_ACLR_A set to NONE
        Info (286033): Parameter WRCONTROL_ACLR_A set to NONE
        Info (286033): Parameter READ_DURING_WRITE_MODE_MIXED_PORTS set to OLD_DATA
        Info (286033): Parameter RDCONTROL_REG_B set to CLOCK0
    Info (276029): Inferred altsyncram megafunction from the following design logic: "emu:emu|NES:nes|cart_top:multi_mapper|vrc7_mixed:snd_vrc7|eseopll:ym2143vrc7|opll:U1|controller:ct|VoiceMemory:vmem|voices_rtl_0" 
        Info (286033): Parameter OPERATION_MODE set to DUAL_PORT
        Info (286033): Parameter WIDTH_A set to 36
        Info (286033): Parameter WIDTHAD_A set to 5
        Info (286033): Parameter NUMWORDS_A set to 32
        Info (286033): Parameter WIDTH_B set to 36
        Info (286033): Parameter WIDTHAD_B set to 5
        Info (286033): Parameter NUMWORDS_B set to 32
        Info (286033): Parameter ADDRESS_ACLR_A set to NONE
        Info (286033): Parameter OUTDATA_REG_B set to UNREGISTERED
        Info (286033): Parameter ADDRESS_ACLR_B set to NONE
        Info (286033): Parameter OUTDATA_ACLR_B set to NONE
        Info (286033): Parameter ADDRESS_REG_B set to CLOCK0
        Info (286033): Parameter INDATA_ACLR_A set to NONE
        Info (286033): Parameter WRCONTROL_ACLR_A set to NONE
        Info (286033): Parameter READ_DURING_WRITE_MODE_MIXED_PORTS set to OLD_DATA
        Info (286033): Parameter RDCONTROL_REG_B set to CLOCK0
    Info (276029): Inferred altsyncram megafunction from the following design logic: "emu:emu|NES:nes|cart_top:multi_mapper|vrc7_mixed:snd_vrc7|eseopll:ym2143vrc7|opll:U1|controller:ct|VoiceMemory:vmem|voices_rtl_1" 
        Info (286033): Parameter OPERATION_MODE set to DUAL_PORT
        Info (286033): Parameter WIDTH_A set to 36
        Info (286033): Parameter WIDTHAD_A set to 5
        Info (286033): Parameter NUMWORDS_A set to 32
        Info (286033): Parameter WIDTH_B set to 36
        Info (286033): Parameter WIDTHAD_B set to 5
        Info (286033): Parameter NUMWORDS_B set to 32
        Info (286033): Parameter ADDRESS_ACLR_A set to NONE
        Info (286033): Parameter OUTDATA_REG_B set to UNREGISTERED
        Info (286033): Parameter ADDRESS_ACLR_B set to NONE
        Info (286033): Parameter OUTDATA_ACLR_B set to NONE
        Info (286033): Parameter ADDRESS_REG_B set to CLOCK0
        Info (286033): Parameter INDATA_ACLR_A set to NONE
        Info (286033): Parameter WRCONTROL_ACLR_A set to NONE
        Info (286033): Parameter READ_DURING_WRITE_MODE_MIXED_PORTS set to OLD_DATA
        Info (286033): Parameter RDCONTROL_REG_B set to CLOCK0
    Info (276029): Inferred altsyncram megafunction from the following design logic: "emu:emu|NES:nes|cart_top:multi_mapper|vrc7_mixed:snd_vrc7|eseopll:ym2143vrc7|opll:U1|controller:ct|RegisterMemory:u_register_memory|regs_array_rtl_0" 
        Info (286033): Parameter OPERATION_MODE set to DUAL_PORT
        Info (286033): Parameter WIDTH_A set to 24
        Info (286033): Parameter WIDTHAD_A set to 3
        Info (286033): Parameter NUMWORDS_A set to 6
        Info (286033): Parameter WIDTH_B set to 24
        Info (286033): Parameter WIDTHAD_B set to 3
        Info (286033): Parameter NUMWORDS_B set to 6
        Info (286033): Parameter ADDRESS_ACLR_A set to NONE
        Info (286033): Parameter OUTDATA_REG_B set to UNREGISTERED
        Info (286033): Parameter ADDRESS_ACLR_B set to NONE
        Info (286033): Parameter OUTDATA_ACLR_B set to NONE
        Info (286033): Parameter ADDRESS_REG_B set to CLOCK0
        Info (286033): Parameter INDATA_ACLR_A set to NONE
        Info (286033): Parameter WRCONTROL_ACLR_A set to NONE
        Info (286033): Parameter READ_DURING_WRITE_MODE_MIXED_PORTS set to OLD_DATA
        Info (286033): Parameter RDCONTROL_REG_B set to CLOCK0
    Info (276029): Inferred altsyncram megafunction from the following design logic: "osd:vga_osd|osd_buffer_rtl_0" 
        Info (286033): Parameter OPERATION_MODE set to DUAL_PORT
        Info (286033): Parameter WIDTH_A set to 8
        Info (286033): Parameter WIDTHAD_A set to 12
        Info (286033): Parameter NUMWORDS_A set to 4096
        Info (286033): Parameter WIDTH_B set to 8
        Info (286033): Parameter WIDTHAD_B set to 12
        Info (286033): Parameter NUMWORDS_B set to 4096
        Info (286033): Parameter ADDRESS_ACLR_A set to NONE
        Info (286033): Parameter OUTDATA_REG_B set to UNREGISTERED
        Info (286033): Parameter ADDRESS_ACLR_B set to NONE
        Info (286033): Parameter OUTDATA_ACLR_B set to NONE
        Info (286033): Parameter ADDRESS_REG_B set to CLOCK1
        Info (286033): Parameter INDATA_ACLR_A set to NONE
        Info (286033): Parameter WRCONTROL_ACLR_A set to NONE
    Info (276029): Inferred altsyncram megafunction from the following design logic: "osd:hdmi_osd|osd_buffer_rtl_0" 
        Info (286033): Parameter OPERATION_MODE set to DUAL_PORT
        Info (286033): Parameter WIDTH_A set to 8
        Info (286033): Parameter WIDTHAD_A set to 12
        Info (286033): Parameter NUMWORDS_A set to 4096
        Info (286033): Parameter WIDTH_B set to 8
        Info (286033): Parameter WIDTHAD_B set to 12
        Info (286033): Parameter NUMWORDS_B set to 4096
        Info (286033): Parameter ADDRESS_ACLR_A set to NONE
        Info (286033): Parameter OUTDATA_REG_B set to UNREGISTERED
        Info (286033): Parameter ADDRESS_ACLR_B set to NONE
        Info (286033): Parameter OUTDATA_ACLR_B set to NONE
        Info (286033): Parameter ADDRESS_REG_B set to CLOCK1
        Info (286033): Parameter INDATA_ACLR_A set to NONE
        Info (286033): Parameter WRCONTROL_ACLR_A set to NONE
    Info (276029): Inferred altsyncram megafunction from the following design logic: "shadowmask:HDMI_shadowmask|mask_lut_rtl_0" 
        Info (286033): Parameter OPERATION_MODE set to DUAL_PORT
        Info (286033): Parameter WIDTH_A set to 11
        Info (286033): Parameter WIDTHAD_A set to 8
        Info (286033): Parameter NUMWORDS_A set to 256
        Info (286033): Parameter WIDTH_B set to 11
        Info (286033): Parameter WIDTHAD_B set to 8
        Info (286033): Parameter NUMWORDS_B set to 256
        Info (286033): Parameter ADDRESS_ACLR_A set to NONE
        Info (286033): Parameter OUTDATA_REG_B set to UNREGISTERED
        Info (286033): Parameter ADDRESS_ACLR_B set to NONE
        Info (286033): Parameter OUTDATA_ACLR_B set to NONE
        Info (286033): Parameter ADDRESS_REG_B set to CLOCK1
        Info (286033): Parameter INDATA_ACLR_A set to NONE
        Info (286033): Parameter WRCONTROL_ACLR_A set to NONE
    Info (276029): Inferred altsyncram megafunction from the following design logic: "ascal:ascal|i_dpram_rtl_0" 
        Info (286033): Parameter OPERATION_MODE set to DUAL_PORT
        Info (286033): Parameter WIDTH_A set to 128
        Info (286033): Parameter WIDTHAD_A set to 5
        Info (286033): Parameter NUMWORDS_A set to 32
        Info (286033): Parameter WIDTH_B set to 128
        Info (286033): Parameter WIDTHAD_B set to 5
        Info (286033): Parameter NUMWORDS_B set to 32
        Info (286033): Parameter ADDRESS_ACLR_A set to NONE
        Info (286033): Parameter OUTDATA_REG_B set to UNREGISTERED
        Info (286033): Parameter ADDRESS_ACLR_B set to NONE
        Info (286033): Parameter OUTDATA_ACLR_B set to NONE
        Info (286033): Parameter ADDRESS_REG_B set to CLOCK1
        Info (286033): Parameter INDATA_ACLR_A set to NONE
        Info (286033): Parameter WRCONTROL_ACLR_A set to NONE
    Info (276029): Inferred altsyncram megafunction from the following design logic: "ascal:ascal|pal1_mem_rtl_0" 
        Info (286033): Parameter OPERATION_MODE set to DUAL_PORT
        Info (286033): Parameter WIDTH_A set to 48
        Info (286033): Parameter WIDTHAD_A set to 7
        Info (286033): Parameter NUMWORDS_A set to 128
        Info (286033): Parameter WIDTH_B set to 48
        Info (286033): Parameter WIDTHAD_B set to 7
        Info (286033): Parameter NUMWORDS_B set to 128
        Info (286033): Parameter ADDRESS_ACLR_A set to NONE
        Info (286033): Parameter OUTDATA_REG_B set to UNREGISTERED
        Info (286033): Parameter ADDRESS_ACLR_B set to NONE
        Info (286033): Parameter OUTDATA_ACLR_B set to NONE
        Info (286033): Parameter ADDRESS_REG_B set to CLOCK1
        Info (286033): Parameter INDATA_ACLR_A set to NONE
        Info (286033): Parameter WRCONTROL_ACLR_A set to NONE
    Info (276029): Inferred altsyncram megafunction from the following design logic: "ascal:ascal|o_dpram_rtl_0" 
        Info (286033): Parameter OPERATION_MODE set to DUAL_PORT
        Info (286033): Parameter WIDTH_A set to 128
        Info (286033): Parameter WIDTHAD_A set to 5
        Info (286033): Parameter NUMWORDS_A set to 32
        Info (286033): Parameter WIDTH_B set to 128
        Info (286033): Parameter WIDTHAD_B set to 5
        Info (286033): Parameter NUMWORDS_B set to 32
        Info (286033): Parameter ADDRESS_ACLR_A set to NONE
        Info (286033): Parameter OUTDATA_REG_B set to CLOCK1
        Info (286033): Parameter ADDRESS_ACLR_B set to NONE
        Info (286033): Parameter OUTDATA_ACLR_B set to NONE
        Info (286033): Parameter ADDRESS_REG_B set to CLOCK1
        Info (286033): Parameter INDATA_ACLR_A set to NONE
        Info (286033): Parameter WRCONTROL_ACLR_A set to NONE
    Info (276029): Inferred altsyncram megafunction from the following design logic: "ascal:ascal|o_h_poly_mem_rtl_0" 
        Info (286033): Parameter OPERATION_MODE set to DUAL_PORT
        Info (286033): Parameter WIDTH_A set to 40
        Info (286033): Parameter WIDTHAD_A set to 8
        Info (286033): Parameter NUMWORDS_A set to 256
        Info (286033): Parameter WIDTH_B set to 40
        Info (286033): Parameter WIDTHAD_B set to 8
        Info (286033): Parameter NUMWORDS_B set to 256
        Info (286033): Parameter ADDRESS_ACLR_A set to NONE
        Info (286033): Parameter OUTDATA_REG_B set to UNREGISTERED
        Info (286033): Parameter ADDRESS_ACLR_B set to NONE
        Info (286033): Parameter OUTDATA_ACLR_B set to NONE
        Info (286033): Parameter ADDRESS_REG_B set to CLOCK1
        Info (286033): Parameter INDATA_ACLR_A set to NONE
        Info (286033): Parameter WRCONTROL_ACLR_A set to NONE
    Info (276029): Inferred altsyncram megafunction from the following design logic: "ascal:ascal|o_v_poly_mem_rtl_0" 
        Info (286033): Parameter OPERATION_MODE set to DUAL_PORT
        Info (286033): Parameter WIDTH_A set to 40
        Info (286033): Parameter WIDTHAD_A set to 8
        Info (286033): Parameter NUMWORDS_A set to 256
        Info (286033): Parameter WIDTH_B set to 40
        Info (286033): Parameter WIDTHAD_B set to 8
        Info (286033): Parameter NUMWORDS_B set to 256
        Info (286033): Parameter ADDRESS_ACLR_A set to NONE
        Info (286033): Parameter OUTDATA_REG_B set to UNREGISTERED
        Info (286033): Parameter ADDRESS_ACLR_B set to NONE
        Info (286033): Parameter OUTDATA_ACLR_B set to NONE
        Info (286033): Parameter ADDRESS_REG_B set to CLOCK1
        Info (286033): Parameter INDATA_ACLR_A set to NONE
        Info (286033): Parameter WRCONTROL_ACLR_A set to NONE
    Info (276029): Inferred altsyncram megafunction from the following design logic: "ascal:ascal|o_a_poly_mem_rtl_0" 
        Info (286033): Parameter OPERATION_MODE set to DUAL_PORT
        Info (286033): Parameter WIDTH_A set to 40
        Info (286033): Parameter WIDTHAD_A set to 8
        Info (286033): Parameter NUMWORDS_A set to 256
        Info (286033): Parameter WIDTH_B set to 40
        Info (286033): Parameter WIDTHAD_B set to 8
        Info (286033): Parameter NUMWORDS_B set to 256
        Info (286033): Parameter ADDRESS_ACLR_A set to NONE
        Info (286033): Parameter OUTDATA_REG_B set to UNREGISTERED
        Info (286033): Parameter ADDRESS_ACLR_B set to NONE
        Info (286033): Parameter OUTDATA_ACLR_B set to NONE
        Info (286033): Parameter ADDRESS_REG_B set to CLOCK1
        Info (286033): Parameter INDATA_ACLR_A set to NONE
        Info (286033): Parameter WRCONTROL_ACLR_A set to NONE
    Info (276034): Inferred altshift_taps megafunction from the following design logic: "yc_out:yc_out|phase[1].y_rtl_0"
        Info (286033): Parameter NUMBER_OF_TAPS set to 1
        Info (286033): Parameter TAP_DISTANCE set to 5
        Info (286033): Parameter WIDTH set to 12
        Info (286033): Parameter POWER_UP_STATE set to DONT_CARE
    Info (276034): Inferred altshift_taps megafunction from the following design logic: "shadowmask:HDMI_shadowmask|vid_rtl_0"
        Info (286033): Parameter NUMBER_OF_TAPS set to 1
        Info (286033): Parameter TAP_DISTANCE set to 4
        Info (286033): Parameter WIDTH set to 81
        Info (286033): Parameter POWER_UP_STATE set to DONT_CARE
    Info (276034): Inferred altshift_taps megafunction from the following design logic: "ascal:ascal|o_vpix_inner[2].r_rtl_0"
        Info (286033): Parameter NUMBER_OF_TAPS set to 1
        Info (286033): Parameter TAP_DISTANCE set to 4
        Info (286033): Parameter WIDTH set to 24
        Info (286033): Parameter POWER_UP_STATE set to DONT_CARE
    Info (276034): Inferred altshift_taps megafunction from the following design logic: "dv_d1_rtl_0"
        Info (286033): Parameter NUMBER_OF_TAPS set to 1
        Info (286033): Parameter TAP_DISTANCE set to 3
        Info (286033): Parameter WIDTH set to 77
        Info (286033): Parameter POWER_UP_STATE set to DONT_CARE
    Info (276034): Inferred altshift_taps megafunction from the following design logic: "vga_out:vga_scaler_out|din1_rtl_0"
        Info (286033): Parameter NUMBER_OF_TAPS set to 1
        Info (286033): Parameter TAP_DISTANCE set to 3
        Info (286033): Parameter WIDTH set to 31
        Info (286033): Parameter POWER_UP_STATE set to DONT_CARE
Info (278001): Inferred 2 megafunctions from design logic
    Info (278004): Inferred divider/modulo megafunction ("lpm_divide") from the following logic: "emu:emu|NES:nes|cart_top:multi_mapper|fds_mixed:snd_fds|fds_audio:fds_audio|Div0" File: /home/struktured/projects/NES_MiSTer-winner/rtl/mappers/FDS.sv Line: 723
    Info (278004): Inferred divider/modulo megafunction ("lpm_divide") from the following logic: "emu:emu|NES:nes|cart_top:multi_mapper|fds_mixed:snd_fds|fds_audio:fds_audio|Div1" File: /home/struktured/projects/NES_MiSTer-winner/rtl/mappers/FDS.sv Line: 725
Info (12130): Elaborated megafunction instantiation "ascal:ascal|altsyncram:o_dpram_rtl_0"
Info (12133): Instantiated megafunction "ascal:ascal|altsyncram:o_dpram_rtl_0" with the following parameter:
    Info (12134): Parameter "OPERATION_MODE" = "DUAL_PORT"
    Info (12134): Parameter "WIDTH_A" = "128"
    Info (12134): Parameter "WIDTHAD_A" = "5"
    Info (12134): Parameter "NUMWORDS_A" = "32"
    Info (12134): Parameter "WIDTH_B" = "128"
    Info (12134): Parameter "WIDTHAD_B" = "5"
    Info (12134): Parameter "NUMWORDS_B" = "32"
    Info (12134): Parameter "ADDRESS_ACLR_A" = "NONE"
    Info (12134): Parameter "OUTDATA_REG_B" = "CLOCK1"
    Info (12134): Parameter "ADDRESS_ACLR_B" = "NONE"
    Info (12134): Parameter "OUTDATA_ACLR_B" = "NONE"
    Info (12134): Parameter "ADDRESS_REG_B" = "CLOCK1"
    Info (12134): Parameter "INDATA_ACLR_A" = "NONE"
    Info (12134): Parameter "WRCONTROL_ACLR_A" = "NONE"
Info (12021): Found 1 design units, including 1 entities, in source file db/altsyncram_q1k1.tdf
    Info (12023): Found entity 1: altsyncram_q1k1 File: /home/struktured/projects/NES_MiSTer-winner/db/altsyncram_q1k1.tdf Line: 28
Info (12130): Elaborated megafunction instantiation "osd:vga_osd|altsyncram:osd_buffer_rtl_0"
Info (12133): Instantiated megafunction "osd:vga_osd|altsyncram:osd_buffer_rtl_0" with the following parameter:
    Info (12134): Parameter "OPERATION_MODE" = "DUAL_PORT"
    Info (12134): Parameter "WIDTH_A" = "8"
    Info (12134): Parameter "WIDTHAD_A" = "12"
    Info (12134): Parameter "NUMWORDS_A" = "4096"
    Info (12134): Parameter "WIDTH_B" = "8"
    Info (12134): Parameter "WIDTHAD_B" = "12"
    Info (12134): Parameter "NUMWORDS_B" = "4096"
    Info (12134): Parameter "ADDRESS_ACLR_A" = "NONE"
    Info (12134): Parameter "OUTDATA_REG_B" = "UNREGISTERED"
    Info (12134): Parameter "ADDRESS_ACLR_B" = "NONE"
    Info (12134): Parameter "OUTDATA_ACLR_B" = "NONE"
    Info (12134): Parameter "ADDRESS_REG_B" = "CLOCK1"
    Info (12134): Parameter "INDATA_ACLR_A" = "NONE"
    Info (12134): Parameter "WRCONTROL_ACLR_A" = "NONE"
Info (12021): Found 1 design units, including 1 entities, in source file db/altsyncram_96k1.tdf
    Info (12023): Found entity 1: altsyncram_96k1 File: /home/struktured/projects/NES_MiSTer-winner/db/altsyncram_96k1.tdf Line: 28
Info (12130): Elaborated megafunction instantiation "shadowmask:HDMI_shadowmask|altsyncram:mask_lut_rtl_0"
Info (12133): Instantiated megafunction "shadowmask:HDMI_shadowmask|altsyncram:mask_lut_rtl_0" with the following parameter:
    Info (12134): Parameter "OPERATION_MODE" = "DUAL_PORT"
    Info (12134): Parameter "WIDTH_A" = "11"
    Info (12134): Parameter "WIDTHAD_A" = "8"
    Info (12134): Parameter "NUMWORDS_A" = "256"
    Info (12134): Parameter "WIDTH_B" = "11"
    Info (12134): Parameter "WIDTHAD_B" = "8"
    Info (12134): Parameter "NUMWORDS_B" = "256"
    Info (12134): Parameter "ADDRESS_ACLR_A" = "NONE"
    Info (12134): Parameter "OUTDATA_REG_B" = "UNREGISTERED"
    Info (12134): Parameter "ADDRESS_ACLR_B" = "NONE"
    Info (12134): Parameter "OUTDATA_ACLR_B" = "NONE"
    Info (12134): Parameter "ADDRESS_REG_B" = "CLOCK1"
    Info (12134): Parameter "INDATA_ACLR_A" = "NONE"
    Info (12134): Parameter "WRCONTROL_ACLR_A" = "NONE"
Info (12021): Found 1 design units, including 1 entities, in source file db/altsyncram_b9j1.tdf
    Info (12023): Found entity 1: altsyncram_b9j1 File: /home/struktured/projects/NES_MiSTer-winner/db/altsyncram_b9j1.tdf Line: 28
Info (12130): Elaborated megafunction instantiation "ascal:ascal|altshift_taps:o_vpix_inner[2].r_rtl_0"
Info (12133): Instantiated megafunction "ascal:ascal|altshift_taps:o_vpix_inner[2].r_rtl_0" with the following parameter:
    Info (12134): Parameter "NUMBER_OF_TAPS" = "1"
    Info (12134): Parameter "TAP_DISTANCE" = "4"
    Info (12134): Parameter "WIDTH" = "24"
    Info (12134): Parameter "POWER_UP_STATE" = "DONT_CARE"
Info (12021): Found 1 design units, including 1 entities, in source file db/shift_taps_1gv.tdf
    Info (12023): Found entity 1: shift_taps_1gv File: /home/struktured/projects/NES_MiSTer-winner/db/shift_taps_1gv.tdf Line: 27
Info (12021): Found 1 design units, including 1 entities, in source file db/altsyncram_ar91.tdf
    Info (12023): Found entity 1: altsyncram_ar91 File: /home/struktured/projects/NES_MiSTer-winner/db/altsyncram_ar91.tdf Line: 28
Info (12021): Found 1 design units, including 1 entities, in source file db/cntr_phf.tdf
    Info (12023): Found entity 1: cntr_phf File: /home/struktured/projects/NES_MiSTer-winner/db/cntr_phf.tdf Line: 26
Info (12130): Elaborated megafunction instantiation "emu:emu|video_mixer:video_mixer|scandoubler:sd|Hq2x:Hq2x|hq2x_buf:hq2x_out|altsyncram:ram_rtl_0"
Info (12133): Instantiated megafunction "emu:emu|video_mixer:video_mixer|scandoubler:sd|Hq2x:Hq2x|hq2x_buf:hq2x_out|altsyncram:ram_rtl_0" with the following parameter:
    Info (12134): Parameter "OPERATION_MODE" = "DUAL_PORT"
    Info (12134): Parameter "WIDTH_A" = "96"
    Info (12134): Parameter "WIDTHAD_A" = "10"
    Info (12134): Parameter "NUMWORDS_A" = "520"
    Info (12134): Parameter "WIDTH_B" = "96"
    Info (12134): Parameter "WIDTHAD_B" = "10"
    Info (12134): Parameter "NUMWORDS_B" = "520"
    Info (12134): Parameter "ADDRESS_ACLR_A" = "NONE"
    Info (12134): Parameter "OUTDATA_REG_B" = "UNREGISTERED"
    Info (12134): Parameter "ADDRESS_ACLR_B" = "NONE"
    Info (12134): Parameter "OUTDATA_ACLR_B" = "NONE"
    Info (12134): Parameter "ADDRESS_REG_B" = "CLOCK0"
    Info (12134): Parameter "INDATA_ACLR_A" = "NONE"
    Info (12134): Parameter "WRCONTROL_ACLR_A" = "NONE"
    Info (12134): Parameter "READ_DURING_WRITE_MODE_MIXED_PORTS" = "OLD_DATA"
Info (12021): Found 1 design units, including 1 entities, in source file db/altsyncram_59n1.tdf
    Info (12023): Found entity 1: altsyncram_59n1 File: /home/struktured/projects/NES_MiSTer-winner/db/altsyncram_59n1.tdf Line: 28
Info (12130): Elaborated megafunction instantiation "emu:emu|video_mixer:video_mixer|scandoubler:sd|Hq2x:Hq2x|hq2x_in:hq2x_in|hq2x_buf:buf1|altsyncram:ram_rtl_0"
Info (12133): Instantiated megafunction "emu:emu|video_mixer:video_mixer|scandoubler:sd|Hq2x:Hq2x|hq2x_in:hq2x_in|hq2x_buf:buf1|altsyncram:ram_rtl_0" with the following parameter:
    Info (12134): Parameter "OPERATION_MODE" = "DUAL_PORT"
    Info (12134): Parameter "WIDTH_A" = "24"
    Info (12134): Parameter "WIDTHAD_A" = "9"
    Info (12134): Parameter "NUMWORDS_A" = "260"
    Info (12134): Parameter "WIDTH_B" = "24"
    Info (12134): Parameter "WIDTHAD_B" = "9"
    Info (12134): Parameter "NUMWORDS_B" = "260"
    Info (12134): Parameter "ADDRESS_ACLR_A" = "NONE"
    Info (12134): Parameter "OUTDATA_REG_B" = "UNREGISTERED"
    Info (12134): Parameter "ADDRESS_ACLR_B" = "NONE"
    Info (12134): Parameter "OUTDATA_ACLR_B" = "NONE"
    Info (12134): Parameter "ADDRESS_REG_B" = "CLOCK0"
    Info (12134): Parameter "INDATA_ACLR_A" = "NONE"
    Info (12134): Parameter "WRCONTROL_ACLR_A" = "NONE"
    Info (12134): Parameter "READ_DURING_WRITE_MODE_MIXED_PORTS" = "OLD_DATA"
Info (12021): Found 1 design units, including 1 entities, in source file db/altsyncram_56n1.tdf
    Info (12023): Found entity 1: altsyncram_56n1 File: /home/struktured/projects/NES_MiSTer-winner/db/altsyncram_56n1.tdf Line: 28
Info (12130): Elaborated megafunction instantiation "emu:emu|video_mixer:video_mixer|gamma_corr:gamma|altsyncram:gamma_curve_rtl_0"
Info (12133): Instantiated megafunction "emu:emu|video_mixer:video_mixer|gamma_corr:gamma|altsyncram:gamma_curve_rtl_0" with the following parameter:
    Info (12134): Parameter "OPERATION_MODE" = "DUAL_PORT"
    Info (12134): Parameter "WIDTH_A" = "8"
    Info (12134): Parameter "WIDTHAD_A" = "10"
    Info (12134): Parameter "NUMWORDS_A" = "768"
    Info (12134): Parameter "WIDTH_B" = "8"
    Info (12134): Parameter "WIDTHAD_B" = "10"
    Info (12134): Parameter "NUMWORDS_B" = "768"
    Info (12134): Parameter "ADDRESS_ACLR_A" = "NONE"
    Info (12134): Parameter "OUTDATA_REG_B" = "UNREGISTERED"
    Info (12134): Parameter "ADDRESS_ACLR_B" = "NONE"
    Info (12134): Parameter "OUTDATA_ACLR_B" = "NONE"
    Info (12134): Parameter "ADDRESS_REG_B" = "CLOCK1"
    Info (12134): Parameter "INDATA_ACLR_A" = "NONE"
    Info (12134): Parameter "WRCONTROL_ACLR_A" = "NONE"
Info (12021): Found 1 design units, including 1 entities, in source file db/altsyncram_p9j1.tdf
    Info (12023): Found entity 1: altsyncram_p9j1 File: /home/struktured/projects/NES_MiSTer-winner/db/altsyncram_p9j1.tdf Line: 28
Info (12130): Elaborated megafunction instantiation "altshift_taps:dv_d1_rtl_0"
Info (12133): Instantiated megafunction "altshift_taps:dv_d1_rtl_0" with the following parameter:
    Info (12134): Parameter "NUMBER_OF_TAPS" = "1"
    Info (12134): Parameter "TAP_DISTANCE" = "3"
    Info (12134): Parameter "WIDTH" = "77"
    Info (12134): Parameter "POWER_UP_STATE" = "DONT_CARE"
Info (12021): Found 1 design units, including 1 entities, in source file db/shift_taps_ruu.tdf
    Info (12023): Found entity 1: shift_taps_ruu File: /home/struktured/projects/NES_MiSTer-winner/db/shift_taps_ruu.tdf Line: 27
Info (12021): Found 1 design units, including 1 entities, in source file db/altsyncram_or91.tdf
    Info (12023): Found entity 1: altsyncram_or91 File: /home/struktured/projects/NES_MiSTer-winner/db/altsyncram_or91.tdf Line: 28
Info (12021): Found 1 design units, including 1 entities, in source file db/cntr_ohf.tdf
    Info (12023): Found entity 1: cntr_ohf File: /home/struktured/projects/NES_MiSTer-winner/db/cntr_ohf.tdf Line: 28
Info (12021): Found 1 design units, including 1 entities, in source file db/cmpr_a9c.tdf
    Info (12023): Found entity 1: cmpr_a9c File: /home/struktured/projects/NES_MiSTer-winner/db/cmpr_a9c.tdf Line: 23
Info (12130): Elaborated megafunction instantiation "ascal:ascal|altsyncram:pal1_mem_rtl_0"
Info (12133): Instantiated megafunction "ascal:ascal|altsyncram:pal1_mem_rtl_0" with the following parameter:
    Info (12134): Parameter "OPERATION_MODE" = "DUAL_PORT"
    Info (12134): Parameter "WIDTH_A" = "48"
    Info (12134): Parameter "WIDTHAD_A" = "7"
    Info (12134): Parameter "NUMWORDS_A" = "128"
    Info (12134): Parameter "WIDTH_B" = "48"
    Info (12134): Parameter "WIDTHAD_B" = "7"
    Info (12134): Parameter "NUMWORDS_B" = "128"
    Info (12134): Parameter "ADDRESS_ACLR_A" = "NONE"
    Info (12134): Parameter "OUTDATA_REG_B" = "UNREGISTERED"
    Info (12134): Parameter "ADDRESS_ACLR_B" = "NONE"
    Info (12134): Parameter "OUTDATA_ACLR_B" = "NONE"
    Info (12134): Parameter "ADDRESS_REG_B" = "CLOCK1"
    Info (12134): Parameter "INDATA_ACLR_A" = "NONE"
    Info (12134): Parameter "WRCONTROL_ACLR_A" = "NONE"
Info (12021): Found 1 design units, including 1 entities, in source file db/altsyncram_q9j1.tdf
    Info (12023): Found entity 1: altsyncram_q9j1 File: /home/struktured/projects/NES_MiSTer-winner/db/altsyncram_q9j1.tdf Line: 28
Info (12130): Elaborated megafunction instantiation "ascal:ascal|altsyncram:o_h_poly_mem_rtl_0"
Info (12133): Instantiated megafunction "ascal:ascal|altsyncram:o_h_poly_mem_rtl_0" with the following parameter:
    Info (12134): Parameter "OPERATION_MODE" = "DUAL_PORT"
    Info (12134): Parameter "WIDTH_A" = "40"
    Info (12134): Parameter "WIDTHAD_A" = "8"
    Info (12134): Parameter "NUMWORDS_A" = "256"
    Info (12134): Parameter "WIDTH_B" = "40"
    Info (12134): Parameter "WIDTHAD_B" = "8"
    Info (12134): Parameter "NUMWORDS_B" = "256"
    Info (12134): Parameter "ADDRESS_ACLR_A" = "NONE"
    Info (12134): Parameter "OUTDATA_REG_B" = "UNREGISTERED"
    Info (12134): Parameter "ADDRESS_ACLR_B" = "NONE"
    Info (12134): Parameter "OUTDATA_ACLR_B" = "NONE"
    Info (12134): Parameter "ADDRESS_REG_B" = "CLOCK1"
    Info (12134): Parameter "INDATA_ACLR_A" = "NONE"
    Info (12134): Parameter "WRCONTROL_ACLR_A" = "NONE"
Info (12021): Found 1 design units, including 1 entities, in source file db/altsyncram_f9j1.tdf
    Info (12023): Found entity 1: altsyncram_f9j1 File: /home/struktured/projects/NES_MiSTer-winner/db/altsyncram_f9j1.tdf Line: 28
Info (12130): Elaborated megafunction instantiation "emu:emu|NES:nes|cart_top:multi_mapper|CoproDrMario:copro2|altsyncram:rom_rtl_0"
Info (12133): Instantiated megafunction "emu:emu|NES:nes|cart_top:multi_mapper|CoproDrMario:copro2|altsyncram:rom_rtl_0" with the following parameter:
    Info (12134): Parameter "OPERATION_MODE" = "ROM"
    Info (12134): Parameter "WIDTH_A" = "8"
    Info (12134): Parameter "WIDTHAD_A" = "14"
    Info (12134): Parameter "NUMWORDS_A" = "16384"
    Info (12134): Parameter "OUTDATA_REG_A" = "UNREGISTERED"
    Info (12134): Parameter "ADDRESS_ACLR_A" = "NONE"
    Info (12134): Parameter "OUTDATA_ACLR_A" = "NONE"
    Info (12134): Parameter "INDATA_ACLR_A" = "NONE"
    Info (12134): Parameter "WRCONTROL_ACLR_A" = "NONE"
    Info (12134): Parameter "INIT_FILE" = "db/NES.ram0_CoproDrMario_15c5156a.hdl.mif"
Info (12021): Found 1 design units, including 1 entities, in source file db/altsyncram_lbd1.tdf
    Info (12023): Found entity 1: altsyncram_lbd1 File: /home/struktured/projects/NES_MiSTer-winner/db/altsyncram_lbd1.tdf Line: 30
Info (12021): Found 1 design units, including 1 entities, in source file db/mux_lfb.tdf
    Info (12023): Found entity 1: mux_lfb File: /home/struktured/projects/NES_MiSTer-winner/db/mux_lfb.tdf Line: 23
Info (12130): Elaborated megafunction instantiation "emu:emu|NES:nes|cart_top:multi_mapper|CoproDrMario:copro2|LeafEval:leafeval|altsyncram:blink_rtl_0"
Info (12133): Instantiated megafunction "emu:emu|NES:nes|cart_top:multi_mapper|CoproDrMario:copro2|LeafEval:leafeval|altsyncram:blink_rtl_0" with the following parameter:
    Info (12134): Parameter "OPERATION_MODE" = "DUAL_PORT"
    Info (12134): Parameter "WIDTH_A" = "3"
    Info (12134): Parameter "WIDTHAD_A" = "7"
    Info (12134): Parameter "NUMWORDS_A" = "128"
    Info (12134): Parameter "WIDTH_B" = "3"
    Info (12134): Parameter "WIDTHAD_B" = "7"
    Info (12134): Parameter "NUMWORDS_B" = "128"
    Info (12134): Parameter "ADDRESS_ACLR_A" = "NONE"
    Info (12134): Parameter "OUTDATA_REG_B" = "UNREGISTERED"
    Info (12134): Parameter "ADDRESS_ACLR_B" = "NONE"
    Info (12134): Parameter "OUTDATA_ACLR_B" = "NONE"
    Info (12134): Parameter "ADDRESS_REG_B" = "CLOCK0"
    Info (12134): Parameter "INDATA_ACLR_A" = "NONE"
    Info (12134): Parameter "WRCONTROL_ACLR_A" = "NONE"
    Info (12134): Parameter "READ_DURING_WRITE_MODE_MIXED_PORTS" = "OLD_DATA"
Info (12021): Found 1 design units, including 1 entities, in source file db/altsyncram_8io1.tdf
    Info (12023): Found entity 1: altsyncram_8io1 File: /home/struktured/projects/NES_MiSTer-winner/db/altsyncram_8io1.tdf Line: 28
Info (12130): Elaborated megafunction instantiation "emu:emu|NES:nes|cart_top:multi_mapper|vrc7_mixed:snd_vrc7|eseopll:ym2143vrc7|opll:U1|OutputGenerator:og|OutputMemory:Mmem|altsyncram:data_array_rtl_0"
Info (12133): Instantiated megafunction "emu:emu|NES:nes|cart_top:multi_mapper|vrc7_mixed:snd_vrc7|eseopll:ym2143vrc7|opll:U1|OutputGenerator:og|OutputMemory:Mmem|altsyncram:data_array_rtl_0" with the following parameter:
    Info (12134): Parameter "OPERATION_MODE" = "DUAL_PORT"
    Info (12134): Parameter "WIDTH_A" = "10"
    Info (12134): Parameter "WIDTHAD_A" = "5"
    Info (12134): Parameter "NUMWORDS_A" = "19"
    Info (12134): Parameter "WIDTH_B" = "10"
    Info (12134): Parameter "WIDTHAD_B" = "5"
    Info (12134): Parameter "NUMWORDS_B" = "19"
    Info (12134): Parameter "ADDRESS_ACLR_A" = "NONE"
    Info (12134): Parameter "OUTDATA_REG_B" = "UNREGISTERED"
    Info (12134): Parameter "ADDRESS_ACLR_B" = "NONE"
    Info (12134): Parameter "OUTDATA_ACLR_B" = "NONE"
    Info (12134): Parameter "ADDRESS_REG_B" = "CLOCK0"
    Info (12134): Parameter "INDATA_ACLR_A" = "NONE"
    Info (12134): Parameter "WRCONTROL_ACLR_A" = "NONE"
    Info (12134): Parameter "READ_DURING_WRITE_MODE_MIXED_PORTS" = "OLD_DATA"
    Info (12134): Parameter "RDCONTROL_REG_B" = "CLOCK0"
Info (12021): Found 1 design units, including 1 entities, in source file db/altsyncram_jvp1.tdf
    Info (12023): Found entity 1: altsyncram_jvp1 File: /home/struktured/projects/NES_MiSTer-winner/db/altsyncram_jvp1.tdf Line: 28
Info (12130): Elaborated megafunction instantiation "emu:emu|NES:nes|cart_top:multi_mapper|vrc7_mixed:snd_vrc7|eseopll:ym2143vrc7|opll:U1|OutputGenerator:og|OutputMemory:Mmem|altsyncram:data_array_rtl_1"
Info (12133): Instantiated megafunction "emu:emu|NES:nes|cart_top:multi_mapper|vrc7_mixed:snd_vrc7|eseopll:ym2143vrc7|opll:U1|OutputGenerator:og|OutputMemory:Mmem|altsyncram:data_array_rtl_1" with the following parameter:
    Info (12134): Parameter "OPERATION_MODE" = "DUAL_PORT"
    Info (12134): Parameter "WIDTH_A" = "10"
    Info (12134): Parameter "WIDTHAD_A" = "5"
    Info (12134): Parameter "NUMWORDS_A" = "19"
    Info (12134): Parameter "WIDTH_B" = "10"
    Info (12134): Parameter "WIDTHAD_B" = "5"
    Info (12134): Parameter "NUMWORDS_B" = "19"
    Info (12134): Parameter "ADDRESS_ACLR_A" = "NONE"
    Info (12134): Parameter "OUTDATA_REG_B" = "UNREGISTERED"
    Info (12134): Parameter "ADDRESS_ACLR_B" = "NONE"
    Info (12134): Parameter "OUTDATA_ACLR_B" = "NONE"
    Info (12134): Parameter "ADDRESS_REG_B" = "CLOCK0"
    Info (12134): Parameter "INDATA_ACLR_A" = "NONE"
    Info (12134): Parameter "WRCONTROL_ACLR_A" = "NONE"
    Info (12134): Parameter "READ_DURING_WRITE_MODE_MIXED_PORTS" = "OLD_DATA"
    Info (12134): Parameter "RDCONTROL_REG_B" = "CLOCK0"
Info (12130): Elaborated megafunction instantiation "emu:emu|NES:nes|cart_top:multi_mapper|vrc7_mixed:snd_vrc7|eseopll:ym2143vrc7|opll:U1|OutputGenerator:og|FeedbackMemory:Fmem|altsyncram:data_array_rtl_0"
Info (12133): Instantiated megafunction "emu:emu|NES:nes|cart_top:multi_mapper|vrc7_mixed:snd_vrc7|eseopll:ym2143vrc7|opll:U1|OutputGenerator:og|FeedbackMemory:Fmem|altsyncram:data_array_rtl_0" with the following parameter:
    Info (12134): Parameter "OPERATION_MODE" = "DUAL_PORT"
    Info (12134): Parameter "WIDTH_A" = "10"
    Info (12134): Parameter "WIDTHAD_A" = "4"
    Info (12134): Parameter "NUMWORDS_A" = "9"
    Info (12134): Parameter "WIDTH_B" = "10"
    Info (12134): Parameter "WIDTHAD_B" = "4"
    Info (12134): Parameter "NUMWORDS_B" = "9"
    Info (12134): Parameter "ADDRESS_ACLR_A" = "NONE"
    Info (12134): Parameter "OUTDATA_REG_B" = "UNREGISTERED"
    Info (12134): Parameter "ADDRESS_ACLR_B" = "NONE"
    Info (12134): Parameter "OUTDATA_ACLR_B" = "NONE"
    Info (12134): Parameter "ADDRESS_REG_B" = "CLOCK0"
    Info (12134): Parameter "INDATA_ACLR_A" = "NONE"
    Info (12134): Parameter "WRCONTROL_ACLR_A" = "NONE"
    Info (12134): Parameter "READ_DURING_WRITE_MODE_MIXED_PORTS" = "OLD_DATA"
    Info (12134): Parameter "RDCONTROL_REG_B" = "CLOCK0"
Info (12021): Found 1 design units, including 1 entities, in source file db/altsyncram_fsp1.tdf
    Info (12023): Found entity 1: altsyncram_fsp1 File: /home/struktured/projects/NES_MiSTer-winner/db/altsyncram_fsp1.tdf Line: 28
Info (12130): Elaborated megafunction instantiation "emu:emu|NES:nes|cart_top:multi_mapper|vrc7_mixed:snd_vrc7|eseopll:ym2143vrc7|opll:U1|PhaseGenerator:pg|PhaseMemory:MEM|altsyncram:phase_array_rtl_0"
Info (12133): Instantiated megafunction "emu:emu|NES:nes|cart_top:multi_mapper|vrc7_mixed:snd_vrc7|eseopll:ym2143vrc7|opll:U1|PhaseGenerator:pg|PhaseMemory:MEM|altsyncram:phase_array_rtl_0" with the following parameter:
    Info (12134): Parameter "OPERATION_MODE" = "DUAL_PORT"
    Info (12134): Parameter "WIDTH_A" = "18"
    Info (12134): Parameter "WIDTHAD_A" = "5"
    Info (12134): Parameter "NUMWORDS_A" = "18"
    Info (12134): Parameter "WIDTH_B" = "18"
    Info (12134): Parameter "WIDTHAD_B" = "5"
    Info (12134): Parameter "NUMWORDS_B" = "18"
    Info (12134): Parameter "ADDRESS_ACLR_A" = "NONE"
    Info (12134): Parameter "OUTDATA_REG_B" = "UNREGISTERED"
    Info (12134): Parameter "ADDRESS_ACLR_B" = "NONE"
    Info (12134): Parameter "OUTDATA_ACLR_B" = "NONE"
    Info (12134): Parameter "ADDRESS_REG_B" = "CLOCK0"
    Info (12134): Parameter "INDATA_ACLR_A" = "NONE"
    Info (12134): Parameter "WRCONTROL_ACLR_A" = "NONE"
    Info (12134): Parameter "READ_DURING_WRITE_MODE_MIXED_PORTS" = "OLD_DATA"
    Info (12134): Parameter "RDCONTROL_REG_B" = "CLOCK0"
Info (12021): Found 1 design units, including 1 entities, in source file db/altsyncram_10q1.tdf
    Info (12023): Found entity 1: altsyncram_10q1 File: /home/struktured/projects/NES_MiSTer-winner/db/altsyncram_10q1.tdf Line: 28
Info (12130): Elaborated megafunction instantiation "emu:emu|NES:nes|cart_top:multi_mapper|vrc7_mixed:snd_vrc7|eseopll:ym2143vrc7|opll:U1|envelopegenerator:eg|EnvelopeMemory:u_envelope_memory|altsyncram:egdata_set_rtl_0"
Info (12133): Instantiated megafunction "emu:emu|NES:nes|cart_top:multi_mapper|vrc7_mixed:snd_vrc7|eseopll:ym2143vrc7|opll:U1|envelopegenerator:eg|EnvelopeMemory:u_envelope_memory|altsyncram:egdata_set_rtl_0" with the following parameter:
    Info (12134): Parameter "OPERATION_MODE" = "DUAL_PORT"
    Info (12134): Parameter "WIDTH_A" = "25"
    Info (12134): Parameter "WIDTHAD_A" = "5"
    Info (12134): Parameter "NUMWORDS_A" = "18"
    Info (12134): Parameter "WIDTH_B" = "25"
    Info (12134): Parameter "WIDTHAD_B" = "5"
    Info (12134): Parameter "NUMWORDS_B" = "18"
    Info (12134): Parameter "ADDRESS_ACLR_A" = "NONE"
    Info (12134): Parameter "OUTDATA_REG_B" = "UNREGISTERED"
    Info (12134): Parameter "ADDRESS_ACLR_B" = "NONE"
    Info (12134): Parameter "OUTDATA_ACLR_B" = "NONE"
    Info (12134): Parameter "ADDRESS_REG_B" = "CLOCK0"
    Info (12134): Parameter "INDATA_ACLR_A" = "NONE"
    Info (12134): Parameter "WRCONTROL_ACLR_A" = "NONE"
    Info (12134): Parameter "READ_DURING_WRITE_MODE_MIXED_PORTS" = "OLD_DATA"
    Info (12134): Parameter "RDCONTROL_REG_B" = "CLOCK0"
Info (12021): Found 1 design units, including 1 entities, in source file db/altsyncram_tvp1.tdf
    Info (12023): Found entity 1: altsyncram_tvp1 File: /home/struktured/projects/NES_MiSTer-winner/db/altsyncram_tvp1.tdf Line: 28
Info (12130): Elaborated megafunction instantiation "emu:emu|NES:nes|cart_top:multi_mapper|vrc7_mixed:snd_vrc7|eseopll:ym2143vrc7|opll:U1|controller:ct|VoiceMemory:vmem|altsyncram:voices_rtl_0"
Info (12133): Instantiated megafunction "emu:emu|NES:nes|cart_top:multi_mapper|vrc7_mixed:snd_vrc7|eseopll:ym2143vrc7|opll:U1|controller:ct|VoiceMemory:vmem|altsyncram:voices_rtl_0" with the following parameter:
    Info (12134): Parameter "OPERATION_MODE" = "DUAL_PORT"
    Info (12134): Parameter "WIDTH_A" = "36"
    Info (12134): Parameter "WIDTHAD_A" = "5"
    Info (12134): Parameter "NUMWORDS_A" = "32"
    Info (12134): Parameter "WIDTH_B" = "36"
    Info (12134): Parameter "WIDTHAD_B" = "5"
    Info (12134): Parameter "NUMWORDS_B" = "32"
    Info (12134): Parameter "ADDRESS_ACLR_A" = "NONE"
    Info (12134): Parameter "OUTDATA_REG_B" = "UNREGISTERED"
    Info (12134): Parameter "ADDRESS_ACLR_B" = "NONE"
    Info (12134): Parameter "OUTDATA_ACLR_B" = "NONE"
    Info (12134): Parameter "ADDRESS_REG_B" = "CLOCK0"
    Info (12134): Parameter "INDATA_ACLR_A" = "NONE"
    Info (12134): Parameter "WRCONTROL_ACLR_A" = "NONE"
    Info (12134): Parameter "READ_DURING_WRITE_MODE_MIXED_PORTS" = "OLD_DATA"
    Info (12134): Parameter "RDCONTROL_REG_B" = "CLOCK0"
Info (12021): Found 1 design units, including 1 entities, in source file db/altsyncram_pvp1.tdf
    Info (12023): Found entity 1: altsyncram_pvp1 File: /home/struktured/projects/NES_MiSTer-winner/db/altsyncram_pvp1.tdf Line: 28
Info (12130): Elaborated megafunction instantiation "emu:emu|NES:nes|cart_top:multi_mapper|vrc7_mixed:snd_vrc7|eseopll:ym2143vrc7|opll:U1|controller:ct|VoiceMemory:vmem|altsyncram:voices_rtl_1"
Info (12133): Instantiated megafunction "emu:emu|NES:nes|cart_top:multi_mapper|vrc7_mixed:snd_vrc7|eseopll:ym2143vrc7|opll:U1|controller:ct|VoiceMemory:vmem|altsyncram:voices_rtl_1" with the following parameter:
    Info (12134): Parameter "OPERATION_MODE" = "DUAL_PORT"
    Info (12134): Parameter "WIDTH_A" = "36"
    Info (12134): Parameter "WIDTHAD_A" = "5"
    Info (12134): Parameter "NUMWORDS_A" = "32"
    Info (12134): Parameter "WIDTH_B" = "36"
    Info (12134): Parameter "WIDTHAD_B" = "5"
    Info (12134): Parameter "NUMWORDS_B" = "32"
    Info (12134): Parameter "ADDRESS_ACLR_A" = "NONE"
    Info (12134): Parameter "OUTDATA_REG_B" = "UNREGISTERED"
    Info (12134): Parameter "ADDRESS_ACLR_B" = "NONE"
    Info (12134): Parameter "OUTDATA_ACLR_B" = "NONE"
    Info (12134): Parameter "ADDRESS_REG_B" = "CLOCK0"
    Info (12134): Parameter "INDATA_ACLR_A" = "NONE"
    Info (12134): Parameter "WRCONTROL_ACLR_A" = "NONE"
    Info (12134): Parameter "READ_DURING_WRITE_MODE_MIXED_PORTS" = "OLD_DATA"
    Info (12134): Parameter "RDCONTROL_REG_B" = "CLOCK0"
Info (12130): Elaborated megafunction instantiation "emu:emu|NES:nes|cart_top:multi_mapper|vrc7_mixed:snd_vrc7|eseopll:ym2143vrc7|opll:U1|controller:ct|RegisterMemory:u_register_memory|altsyncram:regs_array_rtl_0"
Info (12133): Instantiated megafunction "emu:emu|NES:nes|cart_top:multi_mapper|vrc7_mixed:snd_vrc7|eseopll:ym2143vrc7|opll:U1|controller:ct|RegisterMemory:u_register_memory|altsyncram:regs_array_rtl_0" with the following parameter:
    Info (12134): Parameter "OPERATION_MODE" = "DUAL_PORT"
    Info (12134): Parameter "WIDTH_A" = "24"
    Info (12134): Parameter "WIDTHAD_A" = "3"
    Info (12134): Parameter "NUMWORDS_A" = "6"
    Info (12134): Parameter "WIDTH_B" = "24"
    Info (12134): Parameter "WIDTHAD_B" = "3"
    Info (12134): Parameter "NUMWORDS_B" = "6"
    Info (12134): Parameter "ADDRESS_ACLR_A" = "NONE"
    Info (12134): Parameter "OUTDATA_REG_B" = "UNREGISTERED"
    Info (12134): Parameter "ADDRESS_ACLR_B" = "NONE"
    Info (12134): Parameter "OUTDATA_ACLR_B" = "NONE"
    Info (12134): Parameter "ADDRESS_REG_B" = "CLOCK0"
    Info (12134): Parameter "INDATA_ACLR_A" = "NONE"
    Info (12134): Parameter "WRCONTROL_ACLR_A" = "NONE"
    Info (12134): Parameter "READ_DURING_WRITE_MODE_MIXED_PORTS" = "OLD_DATA"
    Info (12134): Parameter "RDCONTROL_REG_B" = "CLOCK0"
Info (12021): Found 1 design units, including 1 entities, in source file db/altsyncram_hsp1.tdf
    Info (12023): Found entity 1: altsyncram_hsp1 File: /home/struktured/projects/NES_MiSTer-winner/db/altsyncram_hsp1.tdf Line: 28
Info (12130): Elaborated megafunction instantiation "ascal:ascal|altsyncram:i_dpram_rtl_0"
Info (12133): Instantiated megafunction "ascal:ascal|altsyncram:i_dpram_rtl_0" with the following parameter:
    Info (12134): Parameter "OPERATION_MODE" = "DUAL_PORT"
    Info (12134): Parameter "WIDTH_A" = "128"
    Info (12134): Parameter "WIDTHAD_A" = "5"
    Info (12134): Parameter "NUMWORDS_A" = "32"
    Info (12134): Parameter "WIDTH_B" = "128"
    Info (12134): Parameter "WIDTHAD_B" = "5"
    Info (12134): Parameter "NUMWORDS_B" = "32"
    Info (12134): Parameter "ADDRESS_ACLR_A" = "NONE"
    Info (12134): Parameter "OUTDATA_REG_B" = "UNREGISTERED"
    Info (12134): Parameter "ADDRESS_ACLR_B" = "NONE"
    Info (12134): Parameter "OUTDATA_ACLR_B" = "NONE"
    Info (12134): Parameter "ADDRESS_REG_B" = "CLOCK1"
    Info (12134): Parameter "INDATA_ACLR_A" = "NONE"
    Info (12134): Parameter "WRCONTROL_ACLR_A" = "NONE"
Info (12021): Found 1 design units, including 1 entities, in source file db/altsyncram_79j1.tdf
    Info (12023): Found entity 1: altsyncram_79j1 File: /home/struktured/projects/NES_MiSTer-winner/db/altsyncram_79j1.tdf Line: 28
Info (12130): Elaborated megafunction instantiation "yc_out:yc_out|altshift_taps:phase[1].y_rtl_0"
Info (12133): Instantiated megafunction "yc_out:yc_out|altshift_taps:phase[1].y_rtl_0" with the following parameter:
    Info (12134): Parameter "NUMBER_OF_TAPS" = "1"
    Info (12134): Parameter "TAP_DISTANCE" = "5"
    Info (12134): Parameter "WIDTH" = "12"
    Info (12134): Parameter "POWER_UP_STATE" = "DONT_CARE"
Info (12021): Found 1 design units, including 1 entities, in source file db/shift_taps_iuu.tdf
    Info (12023): Found entity 1: shift_taps_iuu File: /home/struktured/projects/NES_MiSTer-winner/db/shift_taps_iuu.tdf Line: 27
Info (12021): Found 1 design units, including 1 entities, in source file db/altsyncram_8r91.tdf
    Info (12023): Found entity 1: altsyncram_8r91 File: /home/struktured/projects/NES_MiSTer-winner/db/altsyncram_8r91.tdf Line: 28
Info (12021): Found 1 design units, including 1 entities, in source file db/cntr_rhf.tdf
    Info (12023): Found entity 1: cntr_rhf File: /home/struktured/projects/NES_MiSTer-winner/db/cntr_rhf.tdf Line: 28
Info (12021): Found 1 design units, including 1 entities, in source file db/cmpr_b9c.tdf
    Info (12023): Found entity 1: cmpr_b9c File: /home/struktured/projects/NES_MiSTer-winner/db/cmpr_b9c.tdf Line: 23
Info (12130): Elaborated megafunction instantiation "shadowmask:HDMI_shadowmask|altshift_taps:vid_rtl_0"
Info (12133): Instantiated megafunction "shadowmask:HDMI_shadowmask|altshift_taps:vid_rtl_0" with the following parameter:
    Info (12134): Parameter "NUMBER_OF_TAPS" = "1"
    Info (12134): Parameter "TAP_DISTANCE" = "4"
    Info (12134): Parameter "WIDTH" = "81"
    Info (12134): Parameter "POWER_UP_STATE" = "DONT_CARE"
Info (12021): Found 1 design units, including 1 entities, in source file db/shift_taps_nuu.tdf
    Info (12023): Found entity 1: shift_taps_nuu File: /home/struktured/projects/NES_MiSTer-winner/db/shift_taps_nuu.tdf Line: 27
Info (12021): Found 1 design units, including 1 entities, in source file db/altsyncram_gr91.tdf
    Info (12023): Found entity 1: altsyncram_gr91 File: /home/struktured/projects/NES_MiSTer-winner/db/altsyncram_gr91.tdf Line: 28
Info (12130): Elaborated megafunction instantiation "vga_out:vga_scaler_out|altshift_taps:din1_rtl_0"
Info (12133): Instantiated megafunction "vga_out:vga_scaler_out|altshift_taps:din1_rtl_0" with the following parameter:
    Info (12134): Parameter "NUMBER_OF_TAPS" = "1"
    Info (12134): Parameter "TAP_DISTANCE" = "3"
    Info (12134): Parameter "WIDTH" = "31"
    Info (12134): Parameter "POWER_UP_STATE" = "DONT_CARE"
Info (12021): Found 1 design units, including 1 entities, in source file db/shift_taps_huu.tdf
    Info (12023): Found entity 1: shift_taps_huu File: /home/struktured/projects/NES_MiSTer-winner/db/shift_taps_huu.tdf Line: 27
Info (12021): Found 1 design units, including 1 entities, in source file db/altsyncram_4r91.tdf
    Info (12023): Found entity 1: altsyncram_4r91 File: /home/struktured/projects/NES_MiSTer-winner/db/altsyncram_4r91.tdf Line: 28
Info (12130): Elaborated megafunction instantiation "emu:emu|NES:nes|cart_top:multi_mapper|fds_mixed:snd_fds|fds_audio:fds_audio|lpm_divide:Div0" File: /home/struktured/projects/NES_MiSTer-winner/rtl/mappers/FDS.sv Line: 723
Info (12133): Instantiated megafunction "emu:emu|NES:nes|cart_top:multi_mapper|fds_mixed:snd_fds|fds_audio:fds_audio|lpm_divide:Div0" with the following parameter: File: /home/struktured/projects/NES_MiSTer-winner/rtl/mappers/FDS.sv Line: 723
    Info (12134): Parameter "LPM_WIDTHN" = "13"
    Info (12134): Parameter "LPM_WIDTHD" = "2"
    Info (12134): Parameter "LPM_NREPRESENTATION" = "UNSIGNED"
    Info (12134): Parameter "LPM_DREPRESENTATION" = "UNSIGNED"
Info (12021): Found 1 design units, including 1 entities, in source file db/lpm_divide_fbm.tdf
    Info (12023): Found entity 1: lpm_divide_fbm File: /home/struktured/projects/NES_MiSTer-winner/db/lpm_divide_fbm.tdf Line: 25
Info (12021): Found 1 design units, including 1 entities, in source file db/sign_div_unsign_llh.tdf
    Info (12023): Found entity 1: sign_div_unsign_llh File: /home/struktured/projects/NES_MiSTer-winner/db/sign_div_unsign_llh.tdf Line: 25
Info (12021): Found 1 design units, including 1 entities, in source file db/alt_u_div_gve.tdf
    Info (12023): Found entity 1: alt_u_div_gve File: /home/struktured/projects/NES_MiSTer-winner/db/alt_u_div_gve.tdf Line: 23
Info (12130): Elaborated megafunction instantiation "emu:emu|NES:nes|cart_top:multi_mapper|fds_mixed:snd_fds|fds_audio:fds_audio|lpm_divide:Div1" File: /home/struktured/projects/NES_MiSTer-winner/rtl/mappers/FDS.sv Line: 725
Info (12133): Instantiated megafunction "emu:emu|NES:nes|cart_top:multi_mapper|fds_mixed:snd_fds|fds_audio:fds_audio|lpm_divide:Div1" with the following parameter: File: /home/struktured/projects/NES_MiSTer-winner/rtl/mappers/FDS.sv Line: 725
    Info (12134): Parameter "LPM_WIDTHN" = "13"
    Info (12134): Parameter "LPM_WIDTHD" = "3"
    Info (12134): Parameter "LPM_NREPRESENTATION" = "UNSIGNED"
    Info (12134): Parameter "LPM_DREPRESENTATION" = "UNSIGNED"
Info (12021): Found 1 design units, including 1 entities, in source file db/lpm_divide_gbm.tdf
    Info (12023): Found entity 1: lpm_divide_gbm File: /home/struktured/projects/NES_MiSTer-winner/db/lpm_divide_gbm.tdf Line: 25
Info (12021): Found 1 design units, including 1 entities, in source file db/sign_div_unsign_mlh.tdf
    Info (12023): Found entity 1: sign_div_unsign_mlh File: /home/struktured/projects/NES_MiSTer-winner/db/sign_div_unsign_mlh.tdf Line: 25
Info (12021): Found 1 design units, including 1 entities, in source file db/alt_u_div_ive.tdf
    Info (12023): Found entity 1: alt_u_div_ive File: /home/struktured/projects/NES_MiSTer-winner/db/alt_u_div_ive.tdf Line: 23
Warning (12241): 44 hierarchies have connectivity warnings - see the Connectivity Checks report folder
Info (17026): Resynthesizing 0 WYSIWYG logic cells and I/Os using "speed" technology mapper which leaves 14 WYSIWYG logic cells and I/Os untouched
Warning (14284): Synthesized away the following node(s):
    Warning (14285): Synthesized away the following RAM node(s):
        Warning (14320): Synthesized away node "emu:emu|NES:nes|cart_top:multi_mapper|vrc7_mixed:snd_vrc7|eseopll:ym2143vrc7|opll:U1|controller:ct|RegisterMemory:u_register_memory|altsyncram:regs_array_rtl_0|altsyncram_hsp1:auto_generated|ram_block1a14" File: /home/struktured/projects/NES_MiSTer-winner/db/altsyncram_hsp1.tdf Line: 431
        Warning (14320): Synthesized away node "emu:emu|NES:nes|cart_top:multi_mapper|vrc7_mixed:snd_vrc7|eseopll:ym2143vrc7|opll:U1|controller:ct|RegisterMemory:u_register_memory|altsyncram:regs_array_rtl_0|altsyncram_hsp1:auto_generated|ram_block1a15" File: /home/struktured/projects/NES_MiSTer-winner/db/altsyncram_hsp1.tdf Line: 459
Warning (13050): Open-drain buffer(s) that do not directly drive top-level pin(s) are removed
    Warning (13051): Converted the fanout from the open-drain buffer "emu:emu|SD_SCK" to the node "concat" into a wire File: /home/struktured/projects/NES_MiSTer-winner/sys/emu_ports.vh Line: 92
    Warning (13051): Converted the fanout from the open-drain buffer "emu:emu|SD_MOSI" to the node "concat" into a wire File: /home/struktured/projects/NES_MiSTer-winner/sys/emu_ports.vh Line: 93
Warning (14284): Synthesized away the following node(s):
    Warning (14285): Synthesized away the following LCELL buffer node(s):
        Warning (14320): Synthesized away node "pll_cfg_hdmi:pll_cfg_hdmi|phase_done" File: /home/struktured/projects/NES_MiSTer-winner/sys/pll_cfg/pll_cfg_hdmi.v Line: 165
Warning (14284): Synthesized away the following node(s):
    Warning (14285): Synthesized away the following LCELL buffer node(s):
        Warning (14320): Synthesized away node "emu:emu|pll_cfg:pll_cfg|altera_pll_reconfig_top:pll_cfg_inst|altera_pll_reconfig_core:NM28_reconfig.reconfig_core.altera_pll_reconfig_core_inst0|phase_done" File: /home/struktured/projects/NES_MiSTer-winner/sys/pll_cfg/altera_pll_reconfig_core.v Line: 194
Warning (13050): Open-drain buffer(s) that do not directly drive top-level pin(s) are removed
    Warning (13051): Converted the fanout from the open-drain buffer "HDMI_I2C_SCL" to the node "hdmi_scl_en" into a wire File: /home/struktured/projects/NES_MiSTer-winner/sys/sys_top.v Line: 30
Warning (13024): Output pins are stuck at VCC or GND
    Warning (13410): Pin "SDRAM_nCS" is stuck at GND File: /home/struktured/projects/NES_MiSTer-winner/sys/sys_top.v Line: 54
    Warning (13410): Pin "SDRAM_CKE" is stuck at VCC File: /home/struktured/projects/NES_MiSTer-winner/sys/sys_top.v Line: 57
Info (17049): 1571 registers lost all their fanouts during netlist optimizations.
Info (17016): Found the following redundant logic cells in design
    Info (17048): Logic cell "emu:emu|pll_cfg:pll_cfg|altera_pll_reconfig_top:pll_cfg_inst|altera_pll_reconfig_core:NM28_reconfig.reconfig_core.altera_pll_reconfig_core_inst0|generic_lcell_comb:lcell_dprio_read|combout" File: /home/struktured/projects/NES_MiSTer-winner/sys/pll_cfg/altera_pll_reconfig_core.v Line: 2179
    Info (17048): Logic cell "emu:emu|pll_cfg:pll_cfg|altera_pll_reconfig_top:pll_cfg_inst|altera_pll_reconfig_core:NM28_reconfig.reconfig_core.altera_pll_reconfig_core_inst0|dyn_phase_shift:dyn_phase_shift_inst|generic_lcell_comb:lcell_cnt_sel_0|combout" File: /home/struktured/projects/NES_MiSTer-winner/sys/pll_cfg/altera_pll_reconfig_core.v Line: 2179
    Info (17048): Logic cell "emu:emu|pll_cfg:pll_cfg|altera_pll_reconfig_top:pll_cfg_inst|altera_pll_reconfig_core:NM28_reconfig.reconfig_core.altera_pll_reconfig_core_inst0|dyn_phase_shift:dyn_phase_shift_inst|generic_lcell_comb:lcell_cnt_sel_1|combout" File: /home/struktured/projects/NES_MiSTer-winner/sys/pll_cfg/altera_pll_reconfig_core.v Line: 2179
    Info (17048): Logic cell "emu:emu|pll_cfg:pll_cfg|altera_pll_reconfig_top:pll_cfg_inst|altera_pll_reconfig_core:NM28_reconfig.reconfig_core.altera_pll_reconfig_core_inst0|dyn_phase_shift:dyn_phase_shift_inst|generic_lcell_comb:lcell_cnt_sel_2|combout" File: /home/struktured/projects/NES_MiSTer-winner/sys/pll_cfg/altera_pll_reconfig_core.v Line: 2179
    Info (17048): Logic cell "emu:emu|pll_cfg:pll_cfg|altera_pll_reconfig_top:pll_cfg_inst|altera_pll_reconfig_core:NM28_reconfig.reconfig_core.altera_pll_reconfig_core_inst0|dyn_phase_shift:dyn_phase_shift_inst|generic_lcell_comb:lcell_cnt_sel_3|combout" File: /home/struktured/projects/NES_MiSTer-winner/sys/pll_cfg/altera_pll_reconfig_core.v Line: 2179
    Info (17048): Logic cell "emu:emu|pll_cfg:pll_cfg|altera_pll_reconfig_top:pll_cfg_inst|altera_pll_reconfig_core:NM28_reconfig.reconfig_core.altera_pll_reconfig_core_inst0|dyn_phase_shift:dyn_phase_shift_inst|generic_lcell_comb:lcell_cnt_sel_4|combout" File: /home/struktured/projects/NES_MiSTer-winner/sys/pll_cfg/altera_pll_reconfig_core.v Line: 2179
    Info (17048): Logic cell "pll_cfg_hdmi:pll_cfg_hdmi|generic_lcell_comb:lcell_dprio_read|combout" File: /home/struktured/projects/NES_MiSTer-winner/sys/pll_cfg/altera_pll_reconfig_core.v Line: 2179
    Info (17048): Logic cell "pll_cfg_hdmi:pll_cfg_hdmi|dyn_phase_shift:dyn_phase_shift_inst|generic_lcell_comb:lcell_cnt_sel_0|combout" File: /home/struktured/projects/NES_MiSTer-winner/sys/pll_cfg/altera_pll_reconfig_core.v Line: 2179
    Info (17048): Logic cell "pll_cfg_hdmi:pll_cfg_hdmi|dyn_phase_shift:dyn_phase_shift_inst|generic_lcell_comb:lcell_cnt_sel_1|combout" File: /home/struktured/projects/NES_MiSTer-winner/sys/pll_cfg/altera_pll_reconfig_core.v Line: 2179
    Info (17048): Logic cell "pll_cfg_hdmi:pll_cfg_hdmi|dyn_phase_shift:dyn_phase_shift_inst|generic_lcell_comb:lcell_cnt_sel_2|combout" File: /home/struktured/projects/NES_MiSTer-winner/sys/pll_cfg/altera_pll_reconfig_core.v Line: 2179
    Info (17048): Logic cell "pll_cfg_hdmi:pll_cfg_hdmi|dyn_phase_shift:dyn_phase_shift_inst|generic_lcell_comb:lcell_cnt_sel_3|combout" File: /home/struktured/projects/NES_MiSTer-winner/sys/pll_cfg/altera_pll_reconfig_core.v Line: 2179
    Info (17048): Logic cell "pll_cfg_hdmi:pll_cfg_hdmi|dyn_phase_shift:dyn_phase_shift_inst|generic_lcell_comb:lcell_cnt_sel_4|combout" File: /home/struktured/projects/NES_MiSTer-winner/sys/pll_cfg/altera_pll_reconfig_core.v Line: 2179
    Info (17048): Logic cell "pll_cfg_hdmi:pll_cfg_hdmi|generic_lcell_comb:lcell_fpll_0_1|combout" File: /home/struktured/projects/NES_MiSTer-winner/sys/pll_cfg/altera_pll_reconfig_core.v Line: 2179
    Info (17048): Logic cell "emu:emu|pll_cfg:pll_cfg|altera_pll_reconfig_top:pll_cfg_inst|altera_pll_reconfig_core:NM28_reconfig.reconfig_core.altera_pll_reconfig_core_inst0|up_dn" File: /home/struktured/projects/NES_MiSTer-winner/sys/pll_cfg/altera_pll_reconfig_core.v Line: 196
    Info (17048): Logic cell "emu:emu|pll_cfg:pll_cfg|altera_pll_reconfig_top:pll_cfg_inst|altera_pll_reconfig_core:NM28_reconfig.reconfig_core.altera_pll_reconfig_core_inst0|phase_en" File: /home/struktured/projects/NES_MiSTer-winner/sys/pll_cfg/altera_pll_reconfig_core.v Line: 195
    Info (17048): Logic cell "emu:emu|pll_cfg:pll_cfg|altera_pll_reconfig_top:pll_cfg_inst|altera_pll_reconfig_core:NM28_reconfig.reconfig_core.altera_pll_reconfig_core_inst0|dprio_ser_shift_load" File: /home/struktured/projects/NES_MiSTer-winner/sys/pll_cfg/altera_pll_reconfig_core.v Line: 188
    Info (17048): Logic cell "emu:emu|pll_cfg:pll_cfg|altera_pll_reconfig_top:pll_cfg_inst|altera_pll_reconfig_core:NM28_reconfig.reconfig_core.altera_pll_reconfig_core_inst0|dyn_phase_shift:dyn_phase_shift_inst|gnd" File: /home/struktured/projects/NES_MiSTer-winner/sys/pll_cfg/altera_pll_reconfig_core.v Line: 1919
    Info (17048): Logic cell "pll_cfg_hdmi:pll_cfg_hdmi|up_dn" File: /home/struktured/projects/NES_MiSTer-winner/sys/pll_cfg/pll_cfg_hdmi.v Line: 167
    Info (17048): Logic cell "pll_cfg_hdmi:pll_cfg_hdmi|phase_en" File: /home/struktured/projects/NES_MiSTer-winner/sys/pll_cfg/pll_cfg_hdmi.v Line: 166
    Info (17048): Logic cell "pll_cfg_hdmi:pll_cfg_hdmi|dprio_ser_shift_load" File: /home/struktured/projects/NES_MiSTer-winner/sys/pll_cfg/pll_cfg_hdmi.v Line: 159
    Info (17048): Logic cell "pll_cfg_hdmi:pll_cfg_hdmi|dyn_phase_shift:dyn_phase_shift_inst|gnd" File: /home/struktured/projects/NES_MiSTer-winner/sys/pll_cfg/altera_pll_reconfig_core.v Line: 1919
Info (17026): Resynthesizing 0 WYSIWYG logic cells and I/Os using "speed" technology mapper which leaves 0 WYSIWYG logic cells and I/Os untouched
Info (286031): Timing-Driven Synthesis is running on partition "sld_hub:auto_hub"
Info (144001): Generated suppressed messages file /home/struktured/projects/NES_MiSTer-winner/output_files/NES.map.smsg
Info (16010): Generating hard_block partition "hard_block:auto_generated_inst"
    Info (16011): Adding 56 node(s), including 3 DDIO, 1 PLL, 0 transceiver and 0 LCELL
Info (21057): Implemented 78946 device resources after synthesis - the final resource count might be different
    Info (21058): Implemented 19 input pins
    Info (21059): Implemented 98 output pins
    Info (21060): Implemented 32 bidirectional pins
    Info (21061): Implemented 77378 logic cells
    Info (21064): Implemented 1332 RAM segments
    Info (21065): Implemented 1 PLLs
    Info (21062): Implemented 58 DSP elements
Info: Quartus Prime Analysis & Synthesis was successful. 0 errors, 161 warnings
    Info: Peak virtual memory: 2238 megabytes
    Info: Processing ended: Wed Aug  5 20:25:09 2026
    Info: Elapsed time: 00:03:39
    Info: Total CPU time (on all processors): 00:04:34
Info: *******************************************************************
Info: Running Quartus Prime Fitter
    Info: Version 23.1std.1 Build 993 05/14/2024 SC Lite Edition
    Info: Processing started: Wed Aug  5 20:25:09 2026
Info: Command: quartus_fit --read_settings_files=off --write_settings_files=off NES -c NES
Info: qfit2_default_script.tcl version: #1
Info: Project  = NES
Info: Revision = NES
Info (16303): High Performance Effort optimization mode selected -- timing performance will be prioritized at the potential cost of increased compilation time
    Info (16304): Mode behavior is affected by advanced setting Physical Synthesis Effort Level (default for this mode is Normal)
Info (20032): Parallel compilation is enabled and will use up to 4 processors
Info (119006): Selected device 5CSEBA6U23I7 for design "NES"
Info (21077): Low junction temperature is -40 degrees C
Info (21077): High junction temperature is 100 degrees C
Warning (21300): LOCKED port on the PLL is not properly connected on instance "pll_audio:pll_audio|pll_audio_0002:pll_audio_inst|altera_pll:altera_pll_i|general[0].gpll". The LOCKED port on the PLL should be connected when the FBOUTCLK port is connected. Although it is unnecessary to connect the LOCKED signal, any logic driven off of an output clock of the PLL will not know when the PLL is locked and ready.
Info (171004): Fitter is performing a Standard Fit compilation using maximum Fitter effort to optimize design performance
Warning (292013): Feature LogicLock is only available with a valid subscription license. You can purchase a software subscription to gain full access to this feature.
Info (176045): Design uses memory blocks. Violating setup or hold times of memory block address registers for either read or write operations could cause memory contents to be corrupted. Make sure that all memory block address registers meet the setup and hold time requirements.
Info (184020): Starting Fitter periphery placement operations
Info (11178): Promoted 10 clocks (8 global, 2 regional)
    Info (11162): sysmem_lite:sysmem|sysmem_HPS_fpga_interfaces:fpga_interfaces|h2f_rst_n[0]~CLKENA0 with 27 fanout uses global clock CLKCTRL_G10
    Info (11162): sysmem_lite:sysmem|sysmem_HPS_fpga_interfaces:fpga_interfaces|h2f_user0_clk[0]~CLKENA0 with 937 fanout uses global clock CLKCTRL_G9
    Info (11162): aspi_sck~CLKENA0 with 129 fanout uses regional clock CLKCTRL_R76
        Info (11177): Node drives Regional Clock Region 2 from (45, 0) to (89, 36)
    Info (11162): emu:emu|pll:pll|pll_0002:pll_inst|altera_pll:altera_pll_i|altera_cyclonev_pll:cyclonev_pll|divclk[2]~CLKENA0 with 21516 fanout uses global clock CLKCTRL_G6
    Info (11162): emu:emu|pll:pll|pll_0002:pll_inst|altera_pll:altera_pll_i|altera_cyclonev_pll:cyclonev_pll|divclk[1]~CLKENA0 with 5606 fanout uses regional clock CLKCTRL_R57
        Info (11177): Node drives Regional Clock Region 2 from (45, 0) to (89, 36)
    Info (11162): emu:emu|pll:pll|pll_0002:pll_inst|altera_pll:altera_pll_i|altera_cyclonev_pll:cyclonev_pll|divclk[0]~CLKENA0 with 1913 fanout uses global clock CLKCTRL_G11
    Info (11162): hdmi_tx_clk~CLKENA0 with 84 fanout uses global clock CLKCTRL_G5
    Info (11162): pll_hdmi:pll_hdmi|pll_hdmi_0002:pll_hdmi_inst|altera_pll:altera_pll_i|altera_cyclonev_pll:cyclonev_pll|divclk[0]~CLKENA0 with 4957 fanout uses global clock CLKCTRL_G4
    Info (11162): vga_tx_clk~CLKENA0 with 3 fanout uses global clock CLKCTRL_G7
    Info (11162): pll_audio:pll_audio|pll_audio_0002:pll_audio_inst|altera_pll:altera_pll_i|outclk_wire[0]~CLKENA0 with 1716 fanout uses global clock CLKCTRL_G2
Info (11191): Automatically promoted 2 clocks (2 global)
    Info (11162): FPGA_CLK1_50~inputCLKENA0 with 705 fanout uses global clock CLKCTRL_G0
    Info (11162): FPGA_CLK2_50~inputCLKENA0 with 387 fanout uses global clock CLKCTRL_G1
Info (184021): Fitter periphery placement operations ending: elapsed time is 00:00:01
Info (332164): Evaluating HDL-embedded SDC commands
    Info (332165): Entity altera_std_synchronizer
        Info (332166): set_false_path -to [get_keepers {*altera_std_synchronizer:*|din_s1}]
    Info (332165): Entity sld_hub
        Info (332166): create_clock -name altera_reserved_tck [get_ports {altera_reserved_tck}] -period 30MHz   
        Info (332166): if { [string equal quartus_fit $::TimeQuestInfo(nameofexecutable)] } { set_max_delay -to [get_ports { altera_reserved_tdo } ] 0 }
        Info (332166): set_clock_groups -asynchronous -group {altera_reserved_tck}
Info (332104): Reading SDC File: 'sys/sys_top.sdc'
Info (332110): Deriving PLL clocks
    Info (332110): create_generated_clock -source {emu|pll|pll_inst|altera_pll_i|cyclonev_pll|counter[2].output_counter|vco0ph[0]} -divide_by 20 -duty_cycle 50.00 -name {emu|pll|pll_inst|altera_pll_i|cyclonev_pll|counter[2].output_counter|divclk} {emu|pll|pll_inst|altera_pll_i|cyclonev_pll|counter[2].output_counter|divclk}
    Info (332110): create_generated_clock -source {emu|pll|pll_inst|altera_pll_i|cyclonev_pll|fpll_0|fpll|refclkin} -divide_by 256 -multiply_by 2199 -duty_cycle 50.00 -name {emu|pll|pll_inst|altera_pll_i|cyclonev_pll|fpll_0|fpll|vcoph[0]} {emu|pll|pll_inst|altera_pll_i|cyclonev_pll|fpll_0|fpll|vcoph[0]}
    Info (332110): create_generated_clock -source {emu|pll|pll_inst|altera_pll_i|cyclonev_pll|counter[1].output_counter|vco0ph[0]} -divide_by 10 -duty_cycle 50.00 -name {emu|pll|pll_inst|altera_pll_i|cyclonev_pll|counter[1].output_counter|divclk} {emu|pll|pll_inst|altera_pll_i|cyclonev_pll|counter[1].output_counter|divclk}
    Info (332110): create_generated_clock -source {emu|pll|pll_inst|altera_pll_i|cyclonev_pll|counter[0].output_counter|vco0ph[0]} -divide_by 5 -duty_cycle 50.00 -name {emu|pll|pll_inst|altera_pll_i|cyclonev_pll|counter[0].output_counter|divclk} {emu|pll|pll_inst|altera_pll_i|cyclonev_pll|counter[0].output_counter|divclk}
    Info (332110): create_generated_clock -source {pll_hdmi|pll_hdmi_inst|altera_pll_i|cyclonev_pll|counter[0].output_counter|vco0ph[0]} -divide_by 3 -duty_cycle 50.00 -name {pll_hdmi|pll_hdmi_inst|altera_pll_i|cyclonev_pll|counter[0].output_counter|divclk} {pll_hdmi|pll_hdmi_inst|altera_pll_i|cyclonev_pll|counter[0].output_counter|divclk}
    Info (332110): create_generated_clock -source {pll_hdmi|pll_hdmi_inst|altera_pll_i|cyclonev_pll|fpll_0|fpll|refclkin} -divide_by 512 -multiply_by 4563 -duty_cycle 50.00 -name {pll_hdmi|pll_hdmi_inst|altera_pll_i|cyclonev_pll|fpll_0|fpll|vcoph[0]} {pll_hdmi|pll_hdmi_inst|altera_pll_i|cyclonev_pll|fpll_0|fpll|vcoph[0]}
    Info (332110): create_generated_clock -source {pll_audio|pll_audio_inst|altera_pll_i|general[0].gpll~FRACTIONAL_PLL|refclkin} -divide_by 512 -multiply_by 4279 -duty_cycle 50.00 -name {pll_audio|pll_audio_inst|altera_pll_i|general[0].gpll~FRACTIONAL_PLL|vcoph[0]} {pll_audio|pll_audio_inst|altera_pll_i|general[0].gpll~FRACTIONAL_PLL|vcoph[0]}
    Info (332110): create_generated_clock -source {pll_audio|pll_audio_inst|altera_pll_i|general[0].gpll~PLL_OUTPUT_COUNTER|vco0ph[0]} -divide_by 17 -duty_cycle 50.00 -name {pll_audio|pll_audio_inst|altera_pll_i|general[0].gpll~PLL_OUTPUT_COUNTER|divclk} {pll_audio|pll_audio_inst|altera_pll_i|general[0].gpll~PLL_OUTPUT_COUNTER|divclk}
Info (332151): Clock uncertainty is not calculated until you update the timing netlist.
Info (332104): Reading SDC File: 'NES.sdc'
Info (332151): Clock uncertainty is not calculated until you update the timing netlist.
Info (332097): The following timing edges are non-unate.  The Timing Analyzer will assume pos-unate behavior for these edges in the clock network.
    Info (332098): Cell: emu|pll|pll_inst|altera_pll_i|cyclonev_pll|counter[0].output_counter  from: vco0ph[0]  to: divclk
    Info (332098): Cell: emu|pll|pll_inst|altera_pll_i|cyclonev_pll|counter[1].output_counter  from: vco0ph[0]  to: divclk
    Info (332098): Cell: emu|pll|pll_inst|altera_pll_i|cyclonev_pll|counter[2].output_counter  from: vco0ph[0]  to: divclk
    Info (332098): Cell: emu|pll|pll_inst|altera_pll_i|cyclonev_pll|fpll_0|REFCLK_SELECT  from: clkin[0]  to: clkout
    Info (332098): Cell: emu|pll|pll_inst|altera_pll_i|cyclonev_pll|fpll_0|fpll  from: refclkin  to: fbclk
    Info (332098): Cell: pll_audio|pll_audio_inst|altera_pll_i|general[0].gpll~FRACTIONAL_PLL  from: refclkin  to: fbclk
    Info (332098): Cell: pll_audio|pll_audio_inst|altera_pll_i|general[0].gpll~PLL_OUTPUT_COUNTER  from: vco0ph[0]  to: divclk
    Info (332098): Cell: pll_audio|pll_audio_inst|altera_pll_i|general[0].gpll~PLL_REFCLK_SELECT  from: clkin[0]  to: clkout
    Info (332098): Cell: pll_hdmi|pll_hdmi_inst|altera_pll_i|cyclonev_pll|counter[0].output_counter  from: vco0ph[0]  to: divclk
    Info (332098): Cell: pll_hdmi|pll_hdmi_inst|altera_pll_i|cyclonev_pll|fpll_0|REFCLK_SELECT  from: clkin[0]  to: clkout
    Info (332098): Cell: pll_hdmi|pll_hdmi_inst|altera_pll_i|cyclonev_pll|fpll_0|fpll  from: refclkin  to: fbclk
    Info (332098): From: sysmem|fpga_interfaces|f2sdram|cmd_port_clk_0  to: sysmem_lite:sysmem|sysmem_HPS_fpga_interfaces:fpga_interfaces|f2sdram~FF_762
    Info (332098): From: sysmem|fpga_interfaces|f2sdram|cmd_port_clk_1  to: sysmem_lite:sysmem|sysmem_HPS_fpga_interfaces:fpga_interfaces|f2sdram~FF_827
    Info (332098): From: sysmem|fpga_interfaces|f2sdram|cmd_port_clk_2  to: sysmem_lite:sysmem|sysmem_HPS_fpga_interfaces:fpga_interfaces|f2sdram~FF_920
    Info (332098): From: sysmem|fpga_interfaces|f2sdram|rd_clk_0  to: sysmem_lite:sysmem|sysmem_HPS_fpga_interfaces:fpga_interfaces|f2sdram~FF_7
    Info (332098): From: sysmem|fpga_interfaces|f2sdram|rd_clk_1  to: sysmem_lite:sysmem|sysmem_HPS_fpga_interfaces:fpga_interfaces|f2sdram~FF_6
    Info (332098): From: sysmem|fpga_interfaces|f2sdram|rd_clk_2  to: sysmem_lite:sysmem|sysmem_HPS_fpga_interfaces:fpga_interfaces|f2sdram~FF_5
    Info (332098): From: sysmem|fpga_interfaces|f2sdram|rd_clk_3  to: sysmem_lite:sysmem|sysmem_HPS_fpga_interfaces:fpga_interfaces|f2sdram~FF_4
    Info (332098): From: sysmem|fpga_interfaces|f2sdram|wr_clk_0  to: sysmem_lite:sysmem|sysmem_HPS_fpga_interfaces:fpga_interfaces|f2sdram~FF_3
    Info (332098): From: sysmem|fpga_interfaces|f2sdram|wr_clk_1  to: sysmem_lite:sysmem|sysmem_HPS_fpga_interfaces:fpga_interfaces|f2sdram~FF_2
    Info (332098): From: sysmem|fpga_interfaces|f2sdram|wr_clk_2  to: sysmem_lite:sysmem|sysmem_HPS_fpga_interfaces:fpga_interfaces|f2sdram~FF_1
    Info (332098): From: sysmem|fpga_interfaces|f2sdram|wr_clk_3  to: sysmem_lite:sysmem|sysmem_HPS_fpga_interfaces:fpga_interfaces|f2sdram~FF_0
Info (332123): Deriving Clock Uncertainty. Please refer to report_sdc in the Timing Analyzer to see clock uncertainties.
Info (332129): Detected timing requirements -- optimizing circuit to achieve only the specified requirements
Info (332111): Found 15 clocks
    Info (332111):   Period   Clock Name
    Info (332111): ======== ============
    Info (332111):   33.333 altera_reserved_tck
    Info (332111):   11.641 emu|pll|pll_inst|altera_pll_i|cyclonev_pll|counter[0].output_counter|divclk
    Info (332111):   23.283 emu|pll|pll_inst|altera_pll_i|cyclonev_pll|counter[1].output_counter|divclk
    Info (332111):   46.566 emu|pll|pll_inst|altera_pll_i|cyclonev_pll|counter[2].output_counter|divclk
    Info (332111):    2.328 emu|pll|pll_inst|altera_pll_i|cyclonev_pll|fpll_0|fpll|vcoph[0]
    Info (332111):   20.000 FPGA_CLK1_50
    Info (332111):   20.000 FPGA_CLK2_50
    Info (332111):   20.000 FPGA_CLK3_50
    Info (332111):  100.000     hdmi_sck
    Info (332111):    2.393 pll_audio|pll_audio_inst|altera_pll_i|general[0].gpll~FRACTIONAL_PLL|vcoph[0]
    Info (332111):   40.682 pll_audio|pll_audio_inst|altera_pll_i|general[0].gpll~PLL_OUTPUT_COUNTER|divclk
    Info (332111):    6.732 pll_hdmi|pll_hdmi_inst|altera_pll_i|cyclonev_pll|counter[0].output_counter|divclk
    Info (332111):    2.244 pll_hdmi|pll_hdmi_inst|altera_pll_i|cyclonev_pll|fpll_0|fpll|vcoph[0]
    Info (332111):   10.000      spi_sck
    Info (332111):   10.000 sysmem|fpga_interfaces|clocks_resets|h2f_user0_clk
Info (176233): Starting register packing
Warning (176250): Ignoring invalid fast I/O register assignments. See the Ignored Assignments panel in the Fitter Compilation Report for more information.
Warning (176251): Ignoring some wildcard destinations of fast I/O register assignments
    Info (176252): Wildcard assignment "Fast Output Register=ON" to "SDRAM_*" matches multiple destination nodes -- some destinations are not valid targets for this assignment
Info (176235): Finished register packing
    Extra Info (176218): Packed 67 registers into blocks of type Block RAM
    Extra Info (176218): Packed 929 registers into blocks of type DSP block
    Extra Info (176218): Packed 16 registers into blocks of type I/O input buffer
    Extra Info (176218): Packed 79 registers into blocks of type I/O output buffer
    Extra Info (176220): Created 237 register duplicates
Info (128000): Starting physical synthesis optimizations for speed
Info (128002): Starting physical synthesis algorithm register retiming
Info (128003): Physical synthesis algorithm register retiming complete: estimated slack improvement of 1371 ps
Info (128002): Starting physical synthesis algorithm combinational resynthesis using boolean division
Info (128003): Physical synthesis algorithm combinational resynthesis using boolean division complete: estimated slack improvement of 301 ps
Info (128002): Starting physical synthesis algorithm register retiming
Info (128003): Physical synthesis algorithm register retiming complete: estimated slack improvement of 0 ps
Info (128002): Starting physical synthesis algorithm combinational resynthesis using boolean division
Info (128003): Physical synthesis algorithm combinational resynthesis using boolean division complete: estimated slack improvement of 0 ps
Info (128001): Physical synthesis optimizations for speed complete: elapsed time is 00:02:04
Info (176233): Starting register packing
Info (176235): Finished register packing
    Extra Info (176218): Packed 234 registers into blocks of type DSP block
    Extra Info (176220): Created 162 register duplicates
Info (11798): Fitter preparation operations ending: elapsed time is 00:02:40
Warning (170136): Design uses Placement Effort Multiplier = 4.0.  Using a Placement Effort Multiplier > 1.0 can increase processing time, especially when used during a second or third fitting attempt.
Info (170189): Fitter placement preparation operations beginning
Info (14951): The Fitter is using Advanced Physical Optimization.
Info (170190): Fitter placement preparation operations ending: elapsed time is 00:02:30
Info (170191): Fitter placement operations beginning
Info (170137): Fitter placement was successful
Info (170192): Fitter placement operations ending: elapsed time is 00:03:18
Info (170193): Fitter routing operations beginning
Info (170089): 3e+03 ns of routing delay (approximately 1.4% of available device routing delay) has been added to meet hold timing. For more information, refer to the Estimated Delay Added for Hold Timing section in the Fitter report.
Info (170195): Router estimated average interconnect usage is 34% of the available device resources
    Info (170196): Router estimated peak interconnect usage is 55% of the available device resources in the region that extends from location X22_Y35 to location X32_Y45
Info (170194): Fitter routing operations ending: elapsed time is 00:04:36
Info (11888): Total time spent on timing analysis during the Fitter is 115.96 seconds.
Info (334003): Started post-fitting delay annotation
Info (334004): Delay annotation completed successfully
Info (334003): Started post-fitting delay annotation
Info (334004): Delay annotation completed successfully
Info (11801): Fitter post-fit operations ending: elapsed time is 00:01:41
Warning (171167): Found invalid Fitter assignments. See the Ignored Assignments panel in the Fitter Compilation Report for more information.
Warning (169064): Following 1 pins have no output enable or a GND or VCC output enable - later changes to this connectivity may change fitting results
    Info (169065): Pin USER_IO[6] has a permanently disabled output enable File: /home/struktured/projects/NES_MiSTer-winner/sys/sys_top.v Line: 125
Info (144001): Generated suppressed messages file /home/struktured/projects/NES_MiSTer-winner/output_files/NES.fit.smsg
Info: Quartus Prime Fitter was successful. 0 errors, 7 warnings
    Info: Peak virtual memory: 4142 megabytes
    Info: Processing ended: Wed Aug  5 20:41:50 2026
    Info: Elapsed time: 00:16:41
    Info: Total CPU time (on all processors): 00:40:02
Info: *******************************************************************
Info: Running Quartus Prime Assembler
    Info: Version 23.1std.1 Build 993 05/14/2024 SC Lite Edition
    Info: Processing started: Wed Aug  5 20:41:52 2026
Info: Command: quartus_asm --read_settings_files=off --write_settings_files=off NES -c NES
Info (115030): Assembler is generating device programming files
Info: Quartus Prime Assembler was successful. 0 errors, 0 warnings
    Info: Peak virtual memory: 1019 megabytes
    Info: Processing ended: Wed Aug  5 20:42:06 2026
    Info: Elapsed time: 00:00:14
    Info: Total CPU time (on all processors): 00:00:15
Info (293026): Skipped module Power Analyzer due to the assignment FLOW_ENABLE_POWER_ANALYZER
Info: *******************************************************************
Info: Running Quartus Prime Timing Analyzer
    Info: Version 23.1std.1 Build 993 05/14/2024 SC Lite Edition
    Info: Processing started: Wed Aug  5 20:42:07 2026
Info: Command: quartus_sta NES -c NES
Info: qsta_default_script.tcl version: #1
Info (20032): Parallel compilation is enabled and will use up to 4 processors
Info (21077): Low junction temperature is -40 degrees C
Info (21077): High junction temperature is 100 degrees C
Info (332164): Evaluating HDL-embedded SDC commands
    Info (332165): Entity altera_std_synchronizer
        Info (332166): set_false_path -to [get_keepers {*altera_std_synchronizer:*|din_s1}]
    Info (332165): Entity sld_hub
        Info (332166): create_clock -name altera_reserved_tck [get_ports {altera_reserved_tck}] -period 30MHz   
        Info (332166): if { [string equal quartus_fit $::TimeQuestInfo(nameofexecutable)] } { set_max_delay -to [get_ports { altera_reserved_tdo } ] 0 }
        Info (332166): set_clock_groups -asynchronous -group {altera_reserved_tck}
Info (332104): Reading SDC File: 'sys/sys_top.sdc'
Info (332110): Deriving PLL clocks
    Info (332110): create_generated_clock -source {emu|pll|pll_inst|altera_pll_i|cyclonev_pll|counter[2].output_counter|vco0ph[0]} -divide_by 20 -duty_cycle 50.00 -name {emu|pll|pll_inst|altera_pll_i|cyclonev_pll|counter[2].output_counter|divclk} {emu|pll|pll_inst|altera_pll_i|cyclonev_pll|counter[2].output_counter|divclk}
    Info (332110): create_generated_clock -source {emu|pll|pll_inst|altera_pll_i|cyclonev_pll|fpll_0|fpll|refclkin} -divide_by 256 -multiply_by 2199 -duty_cycle 50.00 -name {emu|pll|pll_inst|altera_pll_i|cyclonev_pll|fpll_0|fpll|vcoph[0]} {emu|pll|pll_inst|altera_pll_i|cyclonev_pll|fpll_0|fpll|vcoph[0]}
    Info (332110): create_generated_clock -source {emu|pll|pll_inst|altera_pll_i|cyclonev_pll|counter[1].output_counter|vco0ph[0]} -divide_by 10 -duty_cycle 50.00 -name {emu|pll|pll_inst|altera_pll_i|cyclonev_pll|counter[1].output_counter|divclk} {emu|pll|pll_inst|altera_pll_i|cyclonev_pll|counter[1].output_counter|divclk}
    Info (332110): create_generated_clock -source {emu|pll|pll_inst|altera_pll_i|cyclonev_pll|counter[0].output_counter|vco0ph[0]} -divide_by 5 -duty_cycle 50.00 -name {emu|pll|pll_inst|altera_pll_i|cyclonev_pll|counter[0].output_counter|divclk} {emu|pll|pll_inst|altera_pll_i|cyclonev_pll|counter[0].output_counter|divclk}
    Info (332110): create_generated_clock -source {pll_hdmi|pll_hdmi_inst|altera_pll_i|cyclonev_pll|counter[0].output_counter|vco0ph[0]} -divide_by 3 -duty_cycle 50.00 -name {pll_hdmi|pll_hdmi_inst|altera_pll_i|cyclonev_pll|counter[0].output_counter|divclk} {pll_hdmi|pll_hdmi_inst|altera_pll_i|cyclonev_pll|counter[0].output_counter|divclk}
    Info (332110): create_generated_clock -source {pll_hdmi|pll_hdmi_inst|altera_pll_i|cyclonev_pll|fpll_0|fpll|refclkin} -divide_by 512 -multiply_by 4563 -duty_cycle 50.00 -name {pll_hdmi|pll_hdmi_inst|altera_pll_i|cyclonev_pll|fpll_0|fpll|vcoph[0]} {pll_hdmi|pll_hdmi_inst|altera_pll_i|cyclonev_pll|fpll_0|fpll|vcoph[0]}
    Info (332110): create_generated_clock -source {pll_audio|pll_audio_inst|altera_pll_i|general[0].gpll~FRACTIONAL_PLL|refclkin} -divide_by 512 -multiply_by 4279 -duty_cycle 50.00 -name {pll_audio|pll_audio_inst|altera_pll_i|general[0].gpll~FRACTIONAL_PLL|vcoph[0]} {pll_audio|pll_audio_inst|altera_pll_i|general[0].gpll~FRACTIONAL_PLL|vcoph[0]}
    Info (332110): create_generated_clock -source {pll_audio|pll_audio_inst|altera_pll_i|general[0].gpll~PLL_OUTPUT_COUNTER|vco0ph[0]} -divide_by 17 -duty_cycle 50.00 -name {pll_audio|pll_audio_inst|altera_pll_i|general[0].gpll~PLL_OUTPUT_COUNTER|divclk} {pll_audio|pll_audio_inst|altera_pll_i|general[0].gpll~PLL_OUTPUT_COUNTER|divclk}
Info (332151): Clock uncertainty is not calculated until you update the timing netlist.
Info (332104): Reading SDC File: 'NES.sdc'
Info (332151): Clock uncertainty is not calculated until you update the timing netlist.
Info (332097): The following timing edges are non-unate.  The Timing Analyzer will assume pos-unate behavior for these edges in the clock network.
    Info (332098): Cell: emu|pll|pll_inst|altera_pll_i|cyclonev_pll|counter[0].output_counter  from: vco0ph[0]  to: divclk
    Info (332098): Cell: emu|pll|pll_inst|altera_pll_i|cyclonev_pll|counter[1].output_counter  from: vco0ph[0]  to: divclk
    Info (332098): Cell: emu|pll|pll_inst|altera_pll_i|cyclonev_pll|counter[2].output_counter  from: vco0ph[0]  to: divclk
    Info (332098): Cell: emu|pll|pll_inst|altera_pll_i|cyclonev_pll|fpll_0|REFCLK_SELECT  from: clkin[0]  to: clkout
    Info (332098): Cell: emu|pll|pll_inst|altera_pll_i|cyclonev_pll|fpll_0|fpll  from: refclkin  to: fbclk
    Info (332098): Cell: pll_audio|pll_audio_inst|altera_pll_i|general[0].gpll~FRACTIONAL_PLL  from: refclkin  to: fbclk
    Info (332098): Cell: pll_audio|pll_audio_inst|altera_pll_i|general[0].gpll~PLL_OUTPUT_COUNTER  from: vco0ph[0]  to: divclk
    Info (332098): Cell: pll_audio|pll_audio_inst|altera_pll_i|general[0].gpll~PLL_REFCLK_SELECT  from: clkin[0]  to: clkout
    Info (332098): Cell: pll_hdmi|pll_hdmi_inst|altera_pll_i|cyclonev_pll|counter[0].output_counter  from: vco0ph[0]  to: divclk
    Info (332098): Cell: pll_hdmi|pll_hdmi_inst|altera_pll_i|cyclonev_pll|fpll_0|REFCLK_SELECT  from: clkin[0]  to: clkout
    Info (332098): Cell: pll_hdmi|pll_hdmi_inst|altera_pll_i|cyclonev_pll|fpll_0|fpll  from: refclkin  to: fbclk
    Info (332098): From: sysmem|fpga_interfaces|f2sdram|cmd_port_clk_0  to: sysmem_lite:sysmem|sysmem_HPS_fpga_interfaces:fpga_interfaces|f2sdram~FF_762
    Info (332098): From: sysmem|fpga_interfaces|f2sdram|cmd_port_clk_1  to: sysmem_lite:sysmem|sysmem_HPS_fpga_interfaces:fpga_interfaces|f2sdram~FF_827
    Info (332098): From: sysmem|fpga_interfaces|f2sdram|cmd_port_clk_2  to: sysmem_lite:sysmem|sysmem_HPS_fpga_interfaces:fpga_interfaces|f2sdram~FF_920
    Info (332098): From: sysmem|fpga_interfaces|f2sdram|rd_clk_0  to: sysmem_lite:sysmem|sysmem_HPS_fpga_interfaces:fpga_interfaces|f2sdram~FF_7
    Info (332098): From: sysmem|fpga_interfaces|f2sdram|rd_clk_1  to: sysmem_lite:sysmem|sysmem_HPS_fpga_interfaces:fpga_interfaces|f2sdram~FF_6
    Info (332098): From: sysmem|fpga_interfaces|f2sdram|rd_clk_2  to: sysmem_lite:sysmem|sysmem_HPS_fpga_interfaces:fpga_interfaces|f2sdram~FF_5
    Info (332098): From: sysmem|fpga_interfaces|f2sdram|rd_clk_3  to: sysmem_lite:sysmem|sysmem_HPS_fpga_interfaces:fpga_interfaces|f2sdram~FF_4
    Info (332098): From: sysmem|fpga_interfaces|f2sdram|wr_clk_0  to: sysmem_lite:sysmem|sysmem_HPS_fpga_interfaces:fpga_interfaces|f2sdram~FF_3
    Info (332098): From: sysmem|fpga_interfaces|f2sdram|wr_clk_1  to: sysmem_lite:sysmem|sysmem_HPS_fpga_interfaces:fpga_interfaces|f2sdram~FF_2
    Info (332098): From: sysmem|fpga_interfaces|f2sdram|wr_clk_2  to: sysmem_lite:sysmem|sysmem_HPS_fpga_interfaces:fpga_interfaces|f2sdram~FF_1
    Info (332098): From: sysmem|fpga_interfaces|f2sdram|wr_clk_3  to: sysmem_lite:sysmem|sysmem_HPS_fpga_interfaces:fpga_interfaces|f2sdram~FF_0
Info (332123): Deriving Clock Uncertainty. Please refer to report_sdc in the Timing Analyzer to see clock uncertainties.
Info: Found TIMING_ANALYZER_REPORT_SCRIPT_INCLUDE_DEFAULT_ANALYSIS = ON
Critical Warning (332148): Timing requirements not met
    Info (11105): For recommendations on closing timing, run Report Timing Closure Recommendations in the Timing Analyzer.
Info (332146): Worst-case setup slack is -0.020
    Info (332119):     Slack       End Point TNS Clock 
    Info (332119): ========= =================== =====================
    Info (332119):    -0.020              -0.114 pll_hdmi|pll_hdmi_inst|altera_pll_i|cyclonev_pll|counter[0].output_counter|divclk 
    Info (332119):     0.380               0.000 emu|pll|pll_inst|altera_pll_i|cyclonev_pll|counter[0].output_counter|divclk 
    Info (332119):     1.584               0.000 sysmem|fpga_interfaces|clocks_resets|h2f_user0_clk 
    Info (332119):     3.223               0.000 emu|pll|pll_inst|altera_pll_i|cyclonev_pll|counter[2].output_counter|divclk 
    Info (332119):     5.593               0.000 spi_sck 
    Info (332119):     5.909               0.000 FPGA_CLK2_50 
    Info (332119):     6.941               0.000 FPGA_CLK1_50 
    Info (332119):     8.939               0.000 emu|pll|pll_inst|altera_pll_i|cyclonev_pll|counter[1].output_counter|divclk 
    Info (332119):    11.410               0.000 altera_reserved_tck 
    Info (332119):    14.714               0.000 pll_audio|pll_audio_inst|altera_pll_i|general[0].gpll~PLL_OUTPUT_COUNTER|divclk 
Info (332146): Worst-case hold slack is 0.181
    Info (332119):     Slack       End Point TNS Clock 
    Info (332119): ========= =================== =====================
    Info (332119):     0.181               0.000 altera_reserved_tck 
    Info (332119):     0.248               0.000 pll_hdmi|pll_hdmi_inst|altera_pll_i|cyclonev_pll|counter[0].output_counter|divclk 
    Info (332119):     0.257               0.000 emu|pll|pll_inst|altera_pll_i|cyclonev_pll|counter[2].output_counter|divclk 
    Info (332119):     0.261               0.000 emu|pll|pll_inst|altera_pll_i|cyclonev_pll|counter[1].output_counter|divclk 
    Info (332119):     0.264               0.000 pll_audio|pll_audio_inst|altera_pll_i|general[0].gpll~PLL_OUTPUT_COUNTER|divclk 
    Info (332119):     0.267               0.000 emu|pll|pll_inst|altera_pll_i|cyclonev_pll|counter[0].output_counter|divclk 
    Info (332119):     0.271               0.000 FPGA_CLK1_50 
    Info (332119):     0.347               0.000 sysmem|fpga_interfaces|clocks_resets|h2f_user0_clk 
    Info (332119):     0.418               0.000 FPGA_CLK2_50 
    Info (332119):     0.436               0.000 spi_sck 
Info (332146): Worst-case recovery slack is 3.668
    Info (332119):     Slack       End Point TNS Clock 
    Info (332119): ========= =================== =====================
    Info (332119):     3.668               0.000 pll_hdmi|pll_hdmi_inst|altera_pll_i|cyclonev_pll|counter[0].output_counter|divclk 
    Info (332119):     4.343               0.000 sysmem|fpga_interfaces|clocks_resets|h2f_user0_clk 
    Info (332119):     7.307               0.000 emu|pll|pll_inst|altera_pll_i|cyclonev_pll|counter[0].output_counter|divclk 
    Info (332119):    16.271               0.000 FPGA_CLK1_50 
    Info (332119):    17.101               0.000 FPGA_CLK2_50 
    Info (332119):    20.481               0.000 emu|pll|pll_inst|altera_pll_i|cyclonev_pll|counter[1].output_counter|divclk 
    Info (332119):    28.700               0.000 altera_reserved_tck 
    Info (332119):    37.748               0.000 emu|pll|pll_inst|altera_pll_i|cyclonev_pll|counter[2].output_counter|divclk 
Info (332146): Worst-case removal slack is 0.750
    Info (332119):     Slack       End Point TNS Clock 
    Info (332119): ========= =================== =====================
    Info (332119):     0.750               0.000 pll_hdmi|pll_hdmi_inst|altera_pll_i|cyclonev_pll|counter[0].output_counter|divclk 
    Info (332119):     0.967               0.000 altera_reserved_tck 
    Info (332119):     1.396               0.000 FPGA_CLK2_50 
    Info (332119):     1.412               0.000 FPGA_CLK1_50 
    Info (332119):     1.513               0.000 emu|pll|pll_inst|altera_pll_i|cyclonev_pll|counter[0].output_counter|divclk 
    Info (332119):     1.515               0.000 sysmem|fpga_interfaces|clocks_resets|h2f_user0_clk 
    Info (332119):     1.682               0.000 emu|pll|pll_inst|altera_pll_i|cyclonev_pll|counter[1].output_counter|divclk 
    Info (332119):     3.265               0.000 emu|pll|pll_inst|altera_pll_i|cyclonev_pll|counter[2].output_counter|divclk 
Info (332146): Worst-case minimum pulse width slack is 1.122
    Info (332119):     Slack       End Point TNS Clock 
    Info (332119): ========= =================== =====================
    Info (332119):     1.122               0.000 pll_hdmi|pll_hdmi_inst|altera_pll_i|cyclonev_pll|fpll_0|fpll|vcoph[0] 
    Info (332119):     1.164               0.000 emu|pll|pll_inst|altera_pll_i|cyclonev_pll|fpll_0|fpll|vcoph[0] 
    Info (332119):     1.196               0.000 pll_audio|pll_audio_inst|altera_pll_i|general[0].gpll~FRACTIONAL_PLL|vcoph[0] 
    Info (332119):     1.946               0.000 pll_hdmi|pll_hdmi_inst|altera_pll_i|cyclonev_pll|counter[0].output_counter|divclk 
    Info (332119):     3.594               0.000 sysmem|fpga_interfaces|clocks_resets|h2f_user0_clk 
    Info (332119):     4.253               0.000 spi_sck 
    Info (332119):     4.396               0.000 emu|pll|pll_inst|altera_pll_i|cyclonev_pll|counter[0].output_counter|divclk 
    Info (332119):     9.208               0.000 FPGA_CLK2_50 
    Info (332119):     9.210               0.000 FPGA_CLK1_50 
    Info (332119):     9.730               0.000 FPGA_CLK3_50 
    Info (332119):    10.238               0.000 emu|pll|pll_inst|altera_pll_i|cyclonev_pll|counter[1].output_counter|divclk 
    Info (332119):    14.974               0.000 altera_reserved_tck 
    Info (332119):    18.902               0.000 pll_audio|pll_audio_inst|altera_pll_i|general[0].gpll~PLL_OUTPUT_COUNTER|divclk 
    Info (332119):    21.856               0.000 emu|pll|pll_inst|altera_pll_i|cyclonev_pll|counter[2].output_counter|divclk 
Info (332114): Report Metastability: Found 479 synchronizer chains.
    Info (332114): Worst-Case MTBF of Design is 1e+09 years or 3.15e+16 seconds.
    Info (332114): Typical MTBF of Design is 1e+09 years or 3.15e+16 seconds.

    Info (332114): Number of Synchronizer Chains Found: 479
    Info (332114): Shortest Synchronizer Chain: 2 Registers
    Info (332114): Fraction of Chains for which MTBFs Could Not be Calculated: 0.990
    Info (332114): Worst Case Available Settling Time: 2.847 ns
    Info (332114): Worst-Case MTBF values are calculated based on the worst-case silicon characteristics, with worst-case operating conditions.
    Info (332114):   - Under worst-case conditions, an increase of 100ps in available settling time will increase MTBF values by a factor of 8.0
    Info (332114): Typical MTBF values are calculated based on the nominal silicon characteristics, at nominal operating conditions.
    Info (332114):   - Under typical conditions, an increase of 100ps in available settling time will increase MTBF values by a factor of 17.8
Info (332102): Design is not fully constrained for setup requirements
Info (332102): Design is not fully constrained for hold requirements
Info: Quartus Prime Timing Analyzer was successful. 0 errors, 1 warning
    Info: Peak virtual memory: 1631 megabytes
    Info: Processing ended: Wed Aug  5 20:42:21 2026
    Info: Elapsed time: 00:00:14
    Info: Total CPU time (on all processors): 00:00:23
Info (293000): Quartus Prime Full Compilation was successful. 0 errors, 169 warnings
Info (23030): Evaluation of Tcl script /home/struktured/intelFPGA_lite/23.1std/quartus/common/tcl/internal/qsh_flow.tcl was successful
Info: Quartus Prime Shell was successful. 0 errors, 169 warnings
    Info: Peak virtual memory: 465 megabytes
    Info: Processing ended: Wed Aug  5 20:42:21 2026
    Info: Elapsed time: 00:20:52
    Info: Total CPU time (on all processors): 00:45:16
END 2026-08-05T20:42:21-04:00  exit=0
